Route_ID,Pallet_ID,Timestamp,Latitude,Longitude
0_Austin_Los Angeles,C71205,2025-02-14 00:01:54,30.702953,-101.125311
0_Austin_Los Angeles,S81206,2025-02-14 10:06:30,30.67786,-101.331673
0_Austin_Los Angeles,W7288,2025-02-14 21:33:12,31.17383,-105.360124
0_Austin_Los Angeles,N6263,2025-02-14 11:56:06,31.470985,-106.058918
0_Austin_Los Angeles,U91645,2025-02-14 12:23:24,31.800323,-106.519953
0_Austin_Los Angeles,K3265,2025-02-14 22:28:00,31.84076,-106.570713
0_Austin_Los Angeles,X4275,2025-02-14 13:18:12,32.354739,-108.749532
0_Austin_Los Angeles,H9296,2025-02-14 23:22:48,32.237887,-108.95397
0_Austin_Los Angeles,E51395,2025-02-14 23:22:48,32.237887,-108.95397
0_Austin_Los Angeles,J2251,2025-02-14 03:41:06,32.330045,-109.513703
0_Austin_Los Angeles,D0627,2025-02-14 03:41:06,32.330045,-109.513703
0_Austin_Los Angeles,P61649,2025-02-14 03:41:06,32.330045,-109.513703
0_Austin_Los Angeles,N9689,2025-02-14 04:08:24,31.965654,-110.460674
0_Austin_Los Angeles,T7253,2025-02-14 14:13:00,31.985766,-110.565191
0_Austin_Los Angeles,K41556,2025-02-14 14:13:00,31.985766,-110.565191
0_Austin_Los Angeles,U81573,2025-02-14 14:13:00,31.985766,-110.565191
0_Austin_Los Angeles,T81226,2025-02-14 04:35:48,32.198035,-110.978641
0_Austin_Los Angeles,J11227,2025-02-14 14:40:24,32.258584,-110.999965
0_Austin_Los Angeles,L0690,2025-02-14 14:40:24,32.258584,-110.999965
0_Austin_Los Angeles,Y0780,2025-02-14 05:03:12,32.858569,-111.687016
0_Austin_Los Angeles,U2283,2025-02-14 15:07:48,33.028523,-111.773004
0_Austin_Los Angeles,H31228,2025-02-14 15:07:48,33.028523,-111.773004
0_Austin_Los Angeles,U4781,2025-02-14 15:07:48,33.028523,-111.773004
0_Austin_Los Angeles,S8885,2025-02-14 05:30:36,33.462156,-112.054102
0_Austin_Los Angeles,M3672,2025-02-14 15:35:12,33.462893,-112.165938
0_Austin_Los Angeles,K2788,2025-02-14 06:52:48,33.71521,-116.176698
0_Austin_Los Angeles,T6269,2025-02-14 06:52:48,33.71521,-116.176698
0_Austin_Los Angeles,J0292,2025-02-14 16:57:24,33.75427,-116.283393
0_Austin_Los Angeles,P9791,2025-02-14 16:57:24,33.75427,-116.283393
0_Austin_Los Angeles,V21579,2025-02-14 07:20:12,33.931462,-116.986167
0_Austin_Los Angeles,N11378,2025-02-14 17:24:42,33.980253,-117.05068
0_Austin_Los Angeles,U91357,2025-02-14 07:47:36,34.068159,-117.600902
0_Austin_Los Angeles,D11401,2025-02-14 07:47:36,34.068159,-117.600902
0_Austin_Los Angeles,P0270,2025-02-14 17:52:06,34.078487,-117.741233
1_Austin_Los Angeles,M41220,2025-02-14 03:21:42,34.297959,-102.842296
1_Austin_Los Angeles,J11227,2025-02-14 14:39:06,34.378026,-103.001181
1_Austin_Los Angeles,E7300,2025-02-14 07:33:42,34.65805,-104.32845
1_Austin_Los Angeles,K1282,2025-02-14 04:01:00,35.085119,-106.24596
1_Austin_Los Angeles,T91558,2025-02-14 15:18:30,35.110422,-106.308678
1_Austin_Los Angeles,B7883,2025-02-14 19:30:30,35.14745,-107.860278
1_Austin_Los Angeles,R71233,2025-02-14 15:57:48,35.528821,-108.750644
1_Austin_Los Angeles,U4295,2025-02-14 01:07:42,35.192302,-109.427982
1_Austin_Los Angeles,E0654,2025-02-14 20:09:54,35.044323,-110.755936
1_Austin_Los Angeles,Q71389,2025-02-14 01:47:00,35.219661,-112.280628
1_Austin_Los Angeles,V11554,2025-02-14 13:04:30,35.216819,-112.396486
1_Austin_Los Angeles,R11572,2025-02-14 13:04:30,35.216819,-112.396486
1_Austin_Los Angeles,Y71383,2025-02-14 09:31:48,35.189655,-113.443089
1_Austin_Los Angeles,V91253,2025-02-14 09:31:48,35.189655,-113.443089
1_Austin_Los Angeles,P4640,2025-02-14 17:16:30,34.754437,-114.217742
1_Austin_Los Angeles,O61367,2025-02-14 02:26:24,34.881782,-114.791128
1_Austin_Los Angeles,F4658,2025-02-14 02:26:24,34.881782,-114.791128
1_Austin_Los Angeles,J41263,2025-02-14 02:26:24,34.881782,-114.791128
1_Austin_Los Angeles,N11361,2025-02-14 10:11:06,34.739191,-116.31212
1_Austin_Los Angeles,W7288,2025-02-14 21:28:36,34.829564,-116.687868
1_Austin_Los Angeles,N51354,2025-02-14 06:38:24,34.345098,-117.48003
1_Austin_Los Angeles,P7323,2025-02-14 06:38:24,34.345098,-117.48003
1_Austin_Los Angeles,F0639,2025-02-14 06:38:24,34.345098,-117.48003
1_Austin_Los Angeles,T21358,2025-02-14 17:55:54,34.245958,-117.436745
1_Austin_Los Angeles,P0270,2025-02-14 17:55:54,34.245958,-117.436745
1_Austin_Los Angeles,W41402,2025-02-14 17:55:54,34.245958,-117.436745
1_Austin_Los Angeles,I31245,2025-02-14 17:55:54,34.245958,-117.436745
1_Austin_Los Angeles,U91396,2025-02-14 14:23:12,34.06855,-118.039609
1_Austin_Los Angeles,W0887,2025-02-14 14:23:12,34.06855,-118.039609
0_Austin_Philadelphia,U21646,2025-02-14 22:45:06,33.392277,-94.588734
0_Austin_Philadelphia,D51632,2025-02-14 14:59:30,33.755894,-93.49768
0_Austin_Philadelphia,E61523,2025-02-14 07:13:54,34.641203,-92.443069
0_Austin_Philadelphia,N11375,2025-02-14 12:36:30,35.155545,-89.880261
0_Austin_Philadelphia,S8885,2025-02-14 23:03:18,35.371424,-89.469243
0_Austin_Philadelphia,O11673,2025-02-14 23:03:18,35.371424,-89.469243
0_Austin_Philadelphia,V01038,2025-02-14 04:50:54,35.93808,-87.570947
0_Austin_Philadelphia,V2893,2025-02-14 15:17:42,36.023619,-87.289516
0_Austin_Philadelphia,I81643,2025-02-14 07:32:06,36.142023,-86.652231
0_Austin_Philadelphia,F7906,2025-02-14 07:32:06,36.142023,-86.652231
0_Austin_Philadelphia,P3889,2025-02-14 17:59:00,36.191099,-86.180908
0_Austin_Philadelphia,H61364,2025-02-14 17:59:00,36.191099,-86.180908
0_Austin_Philadelphia,H61047,2025-02-14 10:13:24,36.080322,-85.211352
0_Austin_Philadelphia,Z01371,2025-02-14 10:13:24,36.080322,-85.211352
0_Austin_Philadelphia,Z7634,2025-02-14 20:40:18,35.929426,-84.919016
0_Austin_Philadelphia,F4646,2025-02-14 02:27:48,35.871363,-84.268608
0_Austin_Philadelphia,G91672,2025-02-14 02:27:48,35.871363,-84.268608
0_Austin_Philadelphia,B01536,2025-02-14 12:54:42,35.937854,-84.00955
0_Austin_Philadelphia,F61636,2025-02-14 23:21:36,35.976589,-83.918064
0_Austin_Philadelphia,X51023,2025-02-14 05:09:06,36.205819,-83.091555
0_Austin_Philadelphia,S31664,2025-02-14 18:17:12,36.690195,-82.020101
0_Austin_Philadelphia,Y0623,2025-02-14 00:04:42,36.807306,-81.663253
0_Austin_Philadelphia,B7883,2025-02-14 00:04:42,36.807306,-81.663253
0_Austin_Philadelphia,T31690,2025-02-14 00:04:42,36.807306,-81.663253
0_Austin_Philadelphia,J21650,2025-02-14 10:31:36,36.811208,-81.572145
0_Austin_Philadelphia,L31532,2025-02-14 20:58:30,36.831458,-81.501528
0_Austin_Philadelphia,X01352,2025-02-14 20:58:30,36.831458,-81.501528
0_Austin_Philadelphia,M41517,2025-02-14 02:46:00,36.954888,-81.055649
0_Austin_Philadelphia,G01535,2025-02-14 02:46:00,36.954888,-81.055649
0_Austin_Philadelphia,J4271,2025-02-14 02:46:00,36.954888,-81.055649
0_Austin_Philadelphia,T4874,2025-02-14 13:12:54,36.937984,-80.99992
0_Austin_Philadelphia,N51354,2025-02-14 13:12:54,36.937984,-80.99992
0_Austin_Philadelphia,A1648,2025-02-14 23:39:48,36.947365,-80.896203
0_Austin_Philadelphia,X2929,2025-02-14 23:39:48,36.947365,-80.896203
0_Austin_Philadelphia,Y61694,2025-02-14 23:39:48,36.947365,-80.896203
0_Austin_Philadelphia,X41028,2025-02-14 15:54:12,37.153089,-80.326981
0_Austin_Philadelphia,P61649,2025-02-14 00:22:54,37.60927,-79.614058
0_Austin_Philadelphia,S21000,2025-02-14 10:49:48,37.655356,-79.54104
0_Austin_Philadelphia,I81643,2025-02-14 10:49:48,37.655356,-79.54104
0_Austin_Philadelphia,G21658,2025-02-14 23:58:00,38.190419,-78.996975
0_Austin_Philadelphia,R81640,2025-02-14 16:12:24,38.516355,-78.779091
0_Austin_Philadelphia,P11420,2025-02-14 08:26:48,39.007978,-78.301016
0_Austin_Philadelphia,S3907,2025-02-14 18:53:36,38.953909,-78.182567
0_Austin_Philadelphia,Q41642,2025-02-14 00:41:06,38.854633,-77.80025
0_Austin_Philadelphia,G6913,2025-02-14 11:08:00,38.824116,-77.704771
0_Austin_Philadelphia,C01014,2025-02-14 21:34:54,38.797786,-77.585908
0_Austin_Philadelphia,W5902,2025-02-14 21:34:54,38.797786,-77.585908
0_Austin_Philadelphia,E01407,2025-02-14 21:34:54,38.797786,-77.585908
0_Austin_Philadelphia,H7625,2025-02-14 03:22:24,38.965569,-77.180548
0_Austin_Philadelphia,K81656,2025-02-14 03:22:24,38.965569,-77.180548
0_Austin_Philadelphia,W1911,2025-02-14 13:49:18,39.012999,-77.13393
0_Austin_Philadelphia,G41411,2025-02-14 13:49:18,39.012999,-77.13393
0_Austin_Philadelphia,Z9272,2025-02-14 13:49:18,39.012999,-77.13393
0_Austin_Philadelphia,N11378,2025-02-14 13:49:18,39.012999,-77.13393
0_Austin_Philadelphia,P21416,2025-02-14 06:03:42,39.216524,-76.729176
0_Austin_Philadelphia,Q0653,2025-02-14 16:30:36,39.229013,-76.624973
0_Austin_Philadelphia,F61636,2025-02-14 16:30:36,39.229013,-76.624973
0_Austin_Philadelphia,J51688,2025-02-14 08:45:00,39.461256,-76.299541
0_Austin_Philadelphia,O11404,2025-02-14 19:11:48,39.533195,-76.17742
0_Austin_Philadelphia,O61367,2025-02-14 19:11:48,39.533195,-76.17742
0_Austin_Philadelphia,Z11374,2025-02-14 11:26:12,39.701861,-75.592327
0_Austin_Philadelphia,A11633,2025-02-14 21:53:06,39.716877,-75.563862
0_Austin_Philadelphia,P61649,2025-02-14 03:40:36,39.876178,-75.267255
1_Austin_Philadelphia,B01536,2025-02-14 13:01:42,36.014147,-95.368597
1_Austin_Philadelphia,J61531,2025-02-14 00:27:12,37.105044,-93.781052
1_Austin_Philadelphia,W01514,2025-02-14 11:45:00,37.967431,-91.759865
1_Austin_Philadelphia,J61692,2025-02-14 11:45:00,37.967431,-91.759865
1_Austin_Philadelphia,A1648,2025-02-14 23:41:12,38.013087,-91.59249
1_Austin_Philadelphia,X2929,2025-02-14 23:41:12,38.013087,-91.59249
1_Austin_Philadelphia,Y61694,2025-02-14 23:41:12,38.013087,-91.59249
1_Austin_Philadelphia,Z11374,2025-02-14 11:25:54,38.435255,-90.913645
1_Austin_Philadelphia,G6913,2025-02-14 11:06:42,38.544318,-90.431895
1_Austin_Philadelphia,S8885,2025-02-14 23:02:54,38.580462,-90.358903
1_Austin_Philadelphia,O11673,2025-02-14 23:02:54,38.580462,-90.358903
1_Austin_Philadelphia,O61410,2025-02-14 22:43:42,38.758199,-89.839641
1_Austin_Philadelphia,W21376,2025-02-14 22:43:42,38.758199,-89.839641
1_Austin_Philadelphia,J1633,2025-02-14 10:09:12,39.275153,-88.089903
1_Austin_Philadelphia,H61047,2025-02-14 10:09:12,39.275153,-88.089903
1_Austin_Philadelphia,Y51051,2025-02-14 10:09:12,39.275153,-88.089903
1_Austin_Philadelphia,Z01371,2025-02-14 10:09:12,39.275153,-88.089903
1_Austin_Philadelphia,Y0879,2025-02-14 22:05:24,39.402104,-87.759926
1_Austin_Philadelphia,U41552,2025-02-14 22:05:24,39.402104,-87.759926
1_Austin_Philadelphia,Y91067,2025-02-14 09:50:00,39.522655,-86.886769
1_Austin_Philadelphia,E81071,2025-02-14 09:50:00,39.522655,-86.886769
1_Austin_Philadelphia,R41007,2025-02-14 21:46:12,39.615673,-86.472577
1_Austin_Philadelphia,A11633,2025-02-14 21:46:12,39.615673,-86.472577
1_Austin_Philadelphia,S21021,2025-02-14 21:27:00,39.801754,-86.090347
1_Austin_Philadelphia,H11669,2025-02-14 21:27:00,39.801754,-86.090347
1_Austin_Philadelphia,G6656,2025-02-14 09:11:42,39.859657,-84.978686
1_Austin_Philadelphia,A8624,2025-02-14 21:07:48,39.837774,-84.482019
1_Austin_Philadelphia,I31041,2025-02-14 21:07:48,39.837774,-84.482019
1_Austin_Philadelphia,T01048,2025-02-14 21:07:48,39.837774,-84.482019
1_Austin_Philadelphia,T0932,2025-02-14 21:07:48,39.837774,-84.482019
1_Austin_Philadelphia,W3666,2025-02-14 08:52:30,39.962999,-83.310096
1_Austin_Philadelphia,F31510,2025-02-14 20:48:42,39.947723,-83.031928
1_Austin_Philadelphia,J21062,2025-02-14 20:48:42,39.947723,-83.031928
1_Austin_Philadelphia,O71068,2025-02-14 20:48:42,39.947723,-83.031928
1_Austin_Philadelphia,F2918,2025-02-14 08:33:18,39.945545,-82.435259
1_Austin_Philadelphia,T4874,2025-02-14 07:55:00,40.117293,-80.470303
1_Austin_Philadelphia,Y7657,2025-02-14 19:51:12,40.124077,-80.369352
1_Austin_Philadelphia,L41666,2025-02-14 19:51:12,40.124077,-80.369352
1_Austin_Philadelphia,A41546,2025-02-14 19:51:12,40.124077,-80.369352
1_Austin_Philadelphia,E61523,2025-02-14 07:16:36,40.153983,-79.46955
1_Austin_Philadelphia,O11404,2025-02-14 19:12:48,40.127646,-79.295928
1_Austin_Philadelphia,O61367,2025-02-14 19:12:48,40.127646,-79.295928
1_Austin_Philadelphia,S3907,2025-02-14 18:53:36,40.009069,-78.606815
1_Austin_Philadelphia,N11361,2025-02-14 06:38:18,39.985792,-78.245585
1_Austin_Philadelphia,D1936,2025-02-14 18:34:30,40.032826,-78.136351
1_Austin_Philadelphia,Z6641,2025-02-14 06:19:06,40.164236,-77.602506
1_Austin_Philadelphia,P21416,2025-02-14 06:00:00,40.210758,-76.754568
1_Austin_Philadelphia,Y71383,2025-02-14 06:00:00,40.210758,-76.754568
1_Austin_Philadelphia,P3889,2025-02-14 17:56:06,40.227614,-76.495751
1_Austin_Philadelphia,H61364,2025-02-14 17:56:06,40.227614,-76.495751
1_Austin_Philadelphia,M11008,2025-02-14 05:21:36,39.989331,-75.206397
1_Austin_Philadelphia,A4878,2025-02-14 05:21:36,39.989331,-75.206397
1_Austin_Philadelphia,F3629,2025-02-14 17:17:48,39.95815,-75.166025
1_Austin_Philadelphia,M31386,2025-02-14 17:17:48,39.95815,-75.166025
0_Austin_San Diego,S81206,2025-02-14 09:59:54,30.205646,-98.133184
0_Austin_San Diego,O3316,2025-02-14 15:56:48,30.67786,-101.331673
0_Austin_San Diego,L8886,2025-02-14 02:53:00,31.777512,-106.425747
0_Austin_San Diego,H9296,2025-02-14 23:22:48,31.800323,-106.519953
0_Austin_San Diego,J11227,2025-02-14 14:37:06,32.26535,-106.981946
0_Austin_San Diego,B9291,2025-02-14 05:51:24,32.179893,-108.385132
0_Austin_San Diego,D61232,2025-02-14 05:51:24,32.179893,-108.385132
0_Austin_San Diego,Q0324,2025-02-14 17:35:30,32.330045,-109.513703
0_Austin_San Diego,M81563,2025-02-14 17:35:30,32.330045,-109.513703
0_Austin_San Diego,C71205,2025-02-14 00:04:12,32.132489,-110.885894
0_Austin_San Diego,S21256,2025-02-14 10:19:06,32.174189,-110.93869
0_Austin_San Diego,I51209,2025-02-14 20:33:54,32.198035,-110.978641
0_Austin_San Diego,O3311,2025-02-14 20:33:54,32.198035,-110.978641
0_Austin_San Diego,O2645,2025-02-14 20:33:54,32.198035,-110.978641
0_Austin_San Diego,X4809,2025-02-14 01:33:24,32.647692,-111.393046
0_Austin_San Diego,M01551,2025-02-14 11:48:18,32.735042,-111.549868
0_Austin_San Diego,O4305,2025-02-14 03:02:36,32.934272,-112.788285
0_Austin_San Diego,V91393,2025-02-14 03:02:36,32.934272,-112.788285
0_Austin_San Diego,X4275,2025-02-14 13:17:30,32.897119,-113.024335
0_Austin_San Diego,T4874,2025-02-14 13:17:30,32.897119,-113.024335
0_Austin_San Diego,R01221,2025-02-14 23:32:18,32.84242,-113.306088
0_Austin_San Diego,W6818,2025-02-14 23:32:18,32.84242,-113.306088
0_Austin_San Diego,F0659,2025-02-14 23:32:18,32.84242,-113.306088
0_Austin_San Diego,T81226,2025-02-14 04:31:48,32.670707,-114.415188
0_Austin_San Diego,L0690,2025-02-14 14:46:42,32.714463,-114.611599
0_Austin_San Diego,U4252,2025-02-14 14:46:42,32.714463,-114.611599
0_Austin_San Diego,K21034,2025-02-14 14:46:42,32.714463,-114.611599
0_Austin_San Diego,M31237,2025-02-14 16:15:54,32.686833,-116.091951
0_Austin_San Diego,K2788,2025-02-14 16:15:54,32.686833,-116.091951
0_Austin_San Diego,Q0324,2025-02-14 17:45:06,32.820637,-116.587034
0_Austin_San Diego,K91360,2025-02-14 19:14:18,32.753206,-117.011886
0_Austin_San Diego,O11404,2025-02-14 19:14:18,32.753206,-117.011886
0_Austin_San Diego,J01251,2025-02-14 19:14:18,32.753206,-117.011886
1_Austin_San Diego,J21650,2025-02-14 13:55:00,30.234429,-97.9089
1_Austin_San Diego,W6330,2025-02-14 19:29:54,30.302688,-99.057321
1_Austin_San Diego,Q51653,2025-02-14 15:29:12,30.726469,-101.538915
1_Austin_San Diego,N6327,2025-02-14 01:52:54,30.881884,-102.679849
1_Austin_San Diego,R9264,2025-02-14 23:04:30,31.063058,-104.497885
1_Austin_San Diego,D6310,2025-02-14 09:28:12,31.173337,-105.357238
1_Austin_San Diego,S8885,2025-02-14 05:27:30,31.813633,-106.547897
1_Austin_San Diego,U2283,2025-02-14 15:03:06,32.282542,-107.681807
1_Austin_San Diego,H31228,2025-02-14 15:03:06,32.282542,-107.681807
1_Austin_San Diego,E11218,2025-02-14 13:02:42,32.227519,-109.048391
1_Austin_San Diego,W31216,2025-02-14 22:38:18,31.99376,-110.173524
1_Austin_San Diego,I51209,2025-02-14 20:38:00,32.113989,-110.856866
1_Austin_San Diego,O2645,2025-02-14 20:38:00,32.113989,-110.856866
1_Austin_San Diego,Z01241,2025-02-14 07:01:42,32.368556,-111.099662
1_Austin_San Diego,O9301,2025-02-14 18:37:36,32.498841,-111.264929
1_Austin_San Diego,Y21565,2025-02-14 18:37:36,32.498841,-111.264929
1_Austin_San Diego,Y0780,2025-02-14 05:01:24,33.286828,-111.970449
1_Austin_San Diego,O4305,2025-02-14 03:01:00,33.457955,-112.315708
1_Austin_San Diego,V91393,2025-02-14 03:01:00,33.457955,-112.315708
1_Austin_San Diego,J11227,2025-02-14 14:37:00,33.461691,-112.435716
1_Austin_San Diego,X4805,2025-02-14 01:00:42,33.61305,-113.644805
1_Austin_San Diego,U21368,2025-02-14 12:36:36,33.652788,-113.934052
1_Austin_San Diego,A4878,2025-02-14 10:36:18,33.710571,-115.411752
1_Austin_San Diego,A51391,2025-02-14 22:12:12,33.674761,-115.941647
1_Austin_San Diego,Y0879,2025-02-14 22:12:12,33.674761,-115.941647
1_Austin_San Diego,Z31580,2025-02-14 08:35:54,33.905008,-116.552534
1_Austin_San Diego,E0654,2025-02-14 20:11:54,33.922924,-116.723438
1_Austin_San Diego,N61030,2025-02-14 20:11:54,33.922924,-116.723438
1_Austin_San Diego,N51354,2025-02-14 06:35:36,33.736229,-117.006734
1_Austin_San Diego,P7323,2025-02-14 06:35:36,33.736229,-117.006734
1_Austin_San Diego,C9692,2025-02-14 18:11:30,33.698724,-117.044436
1_Austin_San Diego,T81226,2025-02-14 04:35:12,33.466321,-117.136498
1_Austin_San Diego,K41556,2025-02-14 14:10:48,32.85142,-117.124442
1_Austin_San Diego,U81573,2025-02-14 14:10:48,32.85142,-117.124442
1_Austin_San Diego,K71511,2025-02-14 14:10:48,32.85142,-117.124442
0_Austin_San Jose,M1320,2025-02-14 11:10:54,30.67786,-101.331673
0_Austin_San Jose,U91645,2025-02-14 12:28:24,31.062044,-104.152762
0_Austin_San Jose,W31216,2025-02-14 22:34:48,31.067458,-104.223035
0_Austin_San Jose,O4305,2025-02-14 03:00:42,31.054699,-104.953282
0_Austin_San Jose,P61649,2025-02-14 03:39:24,31.337262,-105.886111
0_Austin_San Jose,W0887,2025-02-14 14:24:36,31.800323,-106.519953
0_Austin_San Jose,U2283,2025-02-14 15:03:24,32.242035,-107.251072
0_Austin_San Jose,H31228,2025-02-14 15:03:24,32.242035,-107.251072
0_Austin_San Jose,B3784,2025-02-14 15:42:06,32.354739,-108.749532
0_Austin_San Jose,M31237,2025-02-14 16:20:54,32.348826,-109.742093
0_Austin_San Jose,K2788,2025-02-14 16:20:54,32.348826,-109.742093
0_Austin_San Jose,T6269,2025-02-14 06:53:12,31.965654,-110.460674
0_Austin_San Jose,P9791,2025-02-14 16:59:36,31.985766,-110.565191
0_Austin_San Jose,Q0324,2025-02-14 17:38:24,32.258584,-110.999965
0_Austin_San Jose,M81563,2025-02-14 17:38:24,32.258584,-110.999965
0_Austin_San Jose,V6676,2025-02-14 18:55:54,33.462893,-112.165938
0_Austin_San Jose,D6310,2025-02-14 09:28:12,33.521545,-113.073465
0_Austin_San Jose,B7883,2025-02-14 19:34:42,33.563987,-113.318092
0_Austin_San Jose,N11361,2025-02-14 10:06:54,33.639154,-114.387462
0_Austin_San Jose,J2644,2025-02-14 10:06:54,33.639154,-114.387462
0_Austin_San Jose,E0654,2025-02-14 20:13:24,33.606468,-114.537267
0_Austin_San Jose,N61030,2025-02-14 20:13:24,33.606468,-114.537267
0_Austin_San Jose,H51505,2025-02-14 00:39:12,33.699635,-116.065662
0_Austin_San Jose,M61385,2025-02-14 10:45:42,33.71521,-116.176698
0_Austin_San Jose,A4878,2025-02-14 10:45:42,33.71521,-116.176698
0_Austin_San Jose,S3679,2025-02-14 01:18:00,33.927995,-116.846286
0_Austin_San Jose,V01366,2025-02-14 11:24:30,33.931462,-116.986167
0_Austin_San Jose,M6686,2025-02-14 11:24:30,33.931462,-116.986167
0_Austin_San Jose,W7288,2025-02-14 21:30:54,33.980253,-117.05068
0_Austin_San Jose,N6327,2025-02-14 01:56:42,34.134902,-117.333359
0_Austin_San Jose,H51390,2025-02-14 12:03:12,34.136655,-117.537291
0_Austin_San Jose,J01261,2025-02-14 12:03:12,34.136655,-117.537291
0_Austin_San Jose,A51391,2025-02-14 22:09:42,34.120649,-117.739046
0_Austin_San Jose,Y0879,2025-02-14 22:09:42,34.120649,-117.739046
0_Austin_San Jose,A0670,2025-02-14 22:48:24,34.213669,-118.231348
0_Austin_San Jose,G8635,2025-02-14 03:14:18,34.322756,-118.480441
0_Austin_San Jose,X4275,2025-02-14 13:20:42,34.340877,-118.52087
0_Austin_San Jose,T4874,2025-02-14 13:20:42,34.340877,-118.52087
0_Austin_San Jose,R01221,2025-02-14 23:27:12,34.42683,-118.585083
0_Austin_San Jose,E51395,2025-02-14 23:27:12,34.42683,-118.585083
0_Austin_San Jose,W6818,2025-02-14 23:27:12,34.42683,-118.585083
0_Austin_San Jose,Z6821,2025-02-14 03:53:00,34.651292,-118.753973
0_Austin_San Jose,V11025,2025-02-14 03:53:00,34.651292,-118.753973
0_Austin_San Jose,N31033,2025-02-14 03:53:00,34.651292,-118.753973
0_Austin_San Jose,T0306,2025-02-14 13:59:30,34.706155,-118.795169
0_Austin_San Jose,T81226,2025-02-14 04:31:48,35.49629,-119.530561
0_Austin_San Jose,J11227,2025-02-14 14:38:12,35.933793,-119.911005
0_Austin_San Jose,K21034,2025-02-14 14:38:12,35.933793,-119.911005
0_Austin_San Jose,Q01040,2025-02-14 14:38:12,35.933793,-119.911005
0_Austin_San Jose,R3777,2025-02-14 05:10:30,37.061509,-121.058306
0_Austin_San Jose,Z8778,2025-02-14 15:17:00,37.101857,-121.123388
0_Austin_San Jose,T91558,2025-02-14 15:17:00,37.101857,-121.123388
0_Austin_San Jose,B9291,2025-02-14 05:49:18,36.969338,-121.414609
0_Austin_San Jose,D61232,2025-02-14 05:49:18,36.969338,-121.414609
0_Austin_San Jose,J9662,2025-02-14 05:49:18,36.969338,-121.414609
0_Austin_San Jose,O3316,2025-02-14 15:55:42,36.988306,-121.448
0_Austin_San Jose,R71233,2025-02-14 15:55:42,36.988306,-121.448
1_Austin_San Jose,U4252,2025-02-14 14:51:48,31.743989,-99.336018
1_Austin_San Jose,O9301,2025-02-14 18:36:42,34.378026,-103.001181
1_Austin_San Jose,O3311,2025-02-14 20:29:06,35.110422,-106.308678
1_Austin_San Jose,K41556,2025-02-14 14:09:24,35.070634,-107.676238
1_Austin_San Jose,A8624,2025-02-14 10:59:30,35.532338,-108.645708
1_Austin_San Jose,R1321,2025-02-14 22:21:30,35.528821,-108.750644
1_Austin_San Jose,D11401,2025-02-14 07:49:36,35.192302,-109.427982
1_Austin_San Jose,O11404,2025-02-14 19:11:42,35.104824,-109.610151
1_Austin_San Jose,J01251,2025-02-14 19:11:42,35.104824,-109.610151
1_Austin_San Jose,X4809,2025-02-14 01:29:54,35.202373,-111.470008
1_Austin_San Jose,E8814,2025-02-14 12:51:54,35.192259,-111.621515
1_Austin_San Jose,Z5258,2025-02-14 09:42:06,35.219661,-112.280628
1_Austin_San Jose,Q0653,2025-02-14 09:42:06,35.219661,-112.280628
1_Austin_San Jose,F41566,2025-02-14 09:42:06,35.219661,-112.280628
1_Austin_San Jose,P7323,2025-02-14 06:32:12,35.20893,-113.273719
1_Austin_San Jose,P0270,2025-02-14 17:54:12,35.189655,-113.443089
1_Austin_San Jose,I31245,2025-02-14 17:54:12,35.189655,-113.443089
1_Austin_San Jose,M41220,2025-02-14 03:22:18,35.132185,-114.105304
1_Austin_San Jose,G8635,2025-02-14 03:22:18,35.132185,-114.105304
1_Austin_San Jose,L0690,2025-02-14 14:44:24,34.911722,-114.153245
1_Austin_San Jose,K21034,2025-02-14 14:44:24,34.911722,-114.153245
1_Austin_San Jose,C1319,2025-02-14 00:12:30,34.845823,-114.61422
1_Austin_San Jose,C71384,2025-02-14 19:46:42,34.739191,-116.31212
1_Austin_San Jose,J8664,2025-02-14 19:46:42,34.739191,-116.31212
1_Austin_San Jose,R3777,2025-02-14 05:14:48,34.922532,-117.26793
1_Austin_San Jose,R2812,2025-02-14 02:04:54,35.115928,-118.19011
1_Austin_San Jose,J71377,2025-02-14 07:07:12,35.354602,-119.252029
1_Austin_San Jose,Z01241,2025-02-14 07:07:12,35.354602,-119.252029
1_Austin_San Jose,K1282,2025-02-14 03:57:18,37.021586,-120.935576
1_Austin_San Jose,Z6821,2025-02-14 03:57:18,37.021586,-120.935576
1_Austin_San Jose,X61018,2025-02-14 03:57:18,37.021586,-120.935576
1_Austin_San Jose,V11025,2025-02-14 03:57:18,37.021586,-120.935576
1_Austin_San Jose,F31510,2025-02-14 03:57:18,37.021586,-120.935576
1_Austin_San Jose,Z8778,2025-02-14 15:19:24,37.068513,-121.070266
1_Austin_San Jose,T91558,2025-02-14 15:19:24,37.068513,-121.070266
1_Austin_San Jose,X2685,2025-02-14 00:47:30,36.990559,-121.383283
1_Austin_San Jose,F2813,2025-02-14 12:09:30,36.970142,-121.416429
1_Austin_San Jose,R01221,2025-02-14 23:31:30,36.98786,-121.454154
1_Austin_San Jose,W6818,2025-02-14 23:31:30,36.98786,-121.454154
1_Austin_San Jose,F0659,2025-02-14 23:31:30,36.98786,-121.454154
1_Austin_San Jose,H11362,2025-02-14 20:21:42,37.318368,-121.831268
1_Austin_San Jose,C01014,2025-02-14 20:21:42,37.318368,-121.831268
0_Austin_Jacksonville,T31690,2025-02-14 00:01:54,30.566863,-87.390829
0_Austin_Jacksonville,J51635,2025-02-14 06:17:54,30.732501,-86.351093
0_Austin_Jacksonville,M31386,2025-02-14 17:20:36,30.694262,-86.145293
0_Austin_Jacksonville,N11375,2025-02-14 12:33:54,30.589635,-84.719322
0_Austin_Jacksonville,Y61694,2025-02-14 23:36:36,30.484876,-84.394847
1_Austin_Jacksonville,N6263,2025-02-14 11:59:06,29.948733,-97.080243
1_Austin_Jacksonville,I51631,2025-02-14 04:45:06,30.573008,-88.184046
1_Austin_Jacksonville,F7906,2025-02-14 07:25:48,31.03353,-87.634882
1_Austin_Jacksonville,K3268,2025-02-14 07:25:48,31.03353,-87.634882
1_Austin_Jacksonville,P3889,2025-02-14 17:52:30,31.0867,-87.530124
1_Austin_Jacksonville,Z01371,2025-02-14 10:06:30,31.435586,-86.947277
1_Austin_Jacksonville,Q2910,2025-02-14 02:20:24,31.348445,-86.534581
1_Austin_Jacksonville,Z61500,2025-02-14 05:01:06,31.281129,-86.255871
1_Austin_Jacksonville,F31510,2025-02-14 20:49:18,31.215775,-85.43074
1_Austin_Jacksonville,L31532,2025-02-14 20:49:18,31.215775,-85.43074
1_Austin_Jacksonville,A4878,2025-02-14 05:17:06,30.530396,-84.566228
1_Austin_Jacksonville,T4874,2025-02-14 07:57:48,30.259038,-82.481419
1_Austin_Jacksonville,S31664,2025-02-14 18:24:36,30.290549,-81.960769
1_Austin_Jacksonville,T6269,2025-02-14 18:24:36,30.290549,-81.960769
0_Chicago_Columbus,F4637,2025-02-14 02:53:12,41.702172,-87.52377
0_Chicago_Columbus,J71638,2025-02-14 14:40:30,41.630684,-87.500868
0_Chicago_Columbus,N11375,2025-02-14 12:33:30,40.089333,-86.505233
0_Chicago_Columbus,D51632,2025-02-14 11:30:00,39.79455,-86.164753
0_Chicago_Columbus,F61636,2025-02-14 23:17:18,39.783706,-86.141581
0_Chicago_Columbus,M5660,2025-02-14 23:17:18,39.783706,-86.141581
0_Chicago_Columbus,Y0879,2025-02-14 22:13:48,39.852966,-85.343008
0_Chicago_Columbus,B11353,2025-02-14 22:13:48,39.852966,-85.343008
0_Chicago_Columbus,A8624,2025-02-14 21:10:24,39.892849,-83.878509
0_Chicago_Columbus,I31041,2025-02-14 21:10:24,39.892849,-83.878509
0_Chicago_Columbus,T0932,2025-02-14 21:10:24,39.892849,-83.878509
0_Chicago_Columbus,P11420,2025-02-14 08:19:36,39.964542,-83.006722
1_Chicago_Columbus,E81071,2025-02-14 09:45:36,41.630684,-87.500868
1_Chicago_Columbus,E71630,2025-02-14 20:19:06,41.609568,-87.376372
1_Chicago_Columbus,F4646,2025-02-14 02:33:24,41.484682,-87.020531
1_Chicago_Columbus,G91672,2025-02-14 02:33:24,41.484682,-87.020531
1_Chicago_Columbus,G1647,2025-02-14 13:07:00,41.433993,-86.900651
1_Chicago_Columbus,N51354,2025-02-14 13:07:00,41.433993,-86.900651
1_Chicago_Columbus,A1648,2025-02-14 23:40:36,41.393799,-86.657051
1_Chicago_Columbus,X2929,2025-02-14 23:40:36,41.393799,-86.657051
1_Chicago_Columbus,Y61694,2025-02-14 23:40:36,41.393799,-86.657051
1_Chicago_Columbus,G4652,2025-02-14 05:54:54,41.261708,-85.838281
1_Chicago_Columbus,P21416,2025-02-14 05:54:54,41.261708,-85.838281
1_Chicago_Columbus,Y71383,2025-02-14 05:54:54,41.261708,-85.838281
1_Chicago_Columbus,Q0653,2025-02-14 16:28:24,41.18207,-85.633346
1_Chicago_Columbus,F61636,2025-02-14 16:28:24,41.18207,-85.633346
1_Chicago_Columbus,G6656,2025-02-14 09:16:18,40.940946,-84.70856
1_Chicago_Columbus,Y7657,2025-02-14 19:49:54,40.869602,-84.4711
1_Chicago_Columbus,R81528,2025-02-14 19:49:54,40.869602,-84.4711
1_Chicago_Columbus,A41546,2025-02-14 19:49:54,40.869602,-84.4711
1_Chicago_Columbus,F0659,2025-02-14 02:04:06,40.750747,-84.124387
1_Chicago_Columbus,M3897,2025-02-14 12:37:42,40.732708,-84.083109
1_Chicago_Columbus,N11375,2025-02-14 12:37:42,40.732708,-84.083109
1_Chicago_Columbus,S8885,2025-02-14 23:11:18,40.714764,-84.026351
1_Chicago_Columbus,M5660,2025-02-14 23:11:18,40.714764,-84.026351
1_Chicago_Columbus,P01518,2025-02-14 23:11:18,40.714764,-84.026351
1_Chicago_Columbus,A4878,2025-02-14 05:25:36,40.47096,-83.810624
1_Chicago_Columbus,G91024,2025-02-14 15:59:12,40.376058,-83.740913
1_Chicago_Columbus,X41028,2025-02-14 15:59:12,40.376058,-83.740913
1_Chicago_Columbus,F0663,2025-02-14 15:59:12,40.376058,-83.740913
1_Chicago_Columbus,W3666,2025-02-14 08:47:00,39.966026,-83.024186
1_Chicago_Columbus,J51688,2025-02-14 08:47:00,39.966026,-83.024186
0_Chicago_Charlotte,V01366,2025-02-14 08:58:42,41.609568,-87.376372
0_Chicago_Charlotte,U21646,2025-02-14 19:20:36,41.57817,-87.296369
0_Chicago_Charlotte,X1667,2025-02-14 19:20:36,41.57817,-87.296369
0_Chicago_Charlotte,G6913,2025-02-14 11:09:54,40.470119,-86.852289
0_Chicago_Charlotte,C01014,2025-02-14 21:31:48,40.175944,-86.554231
0_Chicago_Charlotte,S21021,2025-02-14 21:31:48,40.175944,-86.554231
0_Chicago_Charlotte,W5902,2025-02-14 21:31:48,40.175944,-86.554231
0_Chicago_Charlotte,H11669,2025-02-14 21:31:48,40.175944,-86.554231
0_Chicago_Charlotte,E01407,2025-02-14 21:31:48,40.175944,-86.554231
0_Chicago_Charlotte,F4637,2025-02-14 02:59:18,39.804526,-86.16619
0_Chicago_Charlotte,P91693,2025-02-14 13:21:06,39.783706,-86.141581
0_Chicago_Charlotte,T4874,2025-02-14 13:21:06,39.783706,-86.141581
0_Chicago_Charlotte,A1648,2025-02-14 23:43:00,39.802117,-86.087949
0_Chicago_Charlotte,X2929,2025-02-14 23:43:00,39.802117,-86.087949
0_Chicago_Charlotte,Y61694,2025-02-14 23:43:00,39.802117,-86.087949
0_Chicago_Charlotte,X51023,2025-02-14 05:10:30,39.867338,-84.925826
0_Chicago_Charlotte,E61523,2025-02-14 07:21:42,39.701315,-84.000077
0_Chicago_Charlotte,O5931,2025-02-14 09:32:54,39.292785,-82.899691
0_Chicago_Charlotte,H01545,2025-02-14 09:32:54,39.292785,-82.899691
0_Chicago_Charlotte,Y7657,2025-02-14 19:54:48,39.195927,-82.794398
0_Chicago_Charlotte,L41666,2025-02-14 19:54:48,39.195927,-82.794398
0_Chicago_Charlotte,W01514,2025-02-14 11:44:06,38.842241,-82.213254
0_Chicago_Charlotte,Y0879,2025-02-14 22:06:00,38.804865,-82.10297
0_Chicago_Charlotte,U41552,2025-02-14 22:06:00,38.804865,-82.10297
0_Chicago_Charlotte,B11353,2025-02-14 22:06:00,38.804865,-82.10297
0_Chicago_Charlotte,G8626,2025-02-14 13:55:18,38.363874,-81.676192
0_Chicago_Charlotte,J21650,2025-02-14 13:55:18,38.363874,-81.676192
0_Chicago_Charlotte,N71017,2025-02-14 16:06:30,37.989211,-81.328786
0_Chicago_Charlotte,F0663,2025-02-14 16:06:30,37.989211,-81.328786
0_Chicago_Charlotte,T4874,2025-02-14 07:55:48,37.542553,-81.116035
0_Chicago_Charlotte,S31664,2025-02-14 18:17:42,37.458807,-81.064436
0_Chicago_Charlotte,J1633,2025-02-14 10:07:00,37.141748,-81.137778
0_Chicago_Charlotte,H61047,2025-02-14 10:07:00,37.141748,-81.137778
0_Chicago_Charlotte,Y51051,2025-02-14 10:07:00,37.141748,-81.137778
0_Chicago_Charlotte,Z01371,2025-02-14 10:07:00,37.141748,-81.137778
0_Chicago_Charlotte,J2928,2025-02-14 12:18:12,36.789061,-80.835506
0_Chicago_Charlotte,F9914,2025-02-14 22:40:06,36.727142,-80.754229
0_Chicago_Charlotte,U21646,2025-02-14 22:40:06,36.727142,-80.754229
0_Chicago_Charlotte,B31356,2025-02-14 04:07:36,36.404456,-80.784131
0_Chicago_Charlotte,Z6641,2025-02-14 06:18:48,35.48504,-80.874874
1_Chicago_Charlotte,F4637,2025-02-14 03:01:36,41.609568,-87.376372
1_Chicago_Charlotte,D51632,2025-02-14 14:51:42,41.551363,-87.311239
1_Chicago_Charlotte,Q2910,2025-02-14 02:12:06,40.29793,-86.716806
1_Chicago_Charlotte,T4874,2025-02-14 13:12:36,39.550214,-86.041152
1_Chicago_Charlotte,N51354,2025-02-14 13:12:36,39.550214,-86.041152
1_Chicago_Charlotte,J61531,2025-02-14 00:33:00,38.475788,-85.770138
1_Chicago_Charlotte,Q41642,2025-02-14 00:33:00,38.475788,-85.770138
1_Chicago_Charlotte,V31548,2025-02-14 00:33:00,38.475788,-85.770138
1_Chicago_Charlotte,U91645,2025-02-14 12:23:06,38.343526,-85.691615
1_Chicago_Charlotte,D51632,2025-02-14 11:33:36,38.169628,-84.767486
1_Chicago_Charlotte,S2884,2025-02-14 11:33:36,38.169628,-84.767486
1_Chicago_Charlotte,F61636,2025-02-14 23:23:42,38.159439,-84.670365
1_Chicago_Charlotte,B51013,2025-02-14 10:44:06,37.786519,-84.320986
1_Chicago_Charlotte,Y01509,2025-02-14 10:44:06,37.786519,-84.320986
1_Chicago_Charlotte,F9914,2025-02-14 22:34:12,37.708964,-84.319851
1_Chicago_Charlotte,S51061,2025-02-14 09:54:36,37.22743,-84.217511
1_Chicago_Charlotte,Y91067,2025-02-14 09:54:36,37.22743,-84.217511
1_Chicago_Charlotte,R41007,2025-02-14 21:44:42,37.182506,-84.136717
1_Chicago_Charlotte,A11633,2025-02-14 21:44:42,37.182506,-84.136717
1_Chicago_Charlotte,F31510,2025-02-14 20:55:12,36.856519,-83.86978
1_Chicago_Charlotte,L31532,2025-02-14 20:55:12,36.856519,-83.86978
1_Chicago_Charlotte,J21062,2025-02-14 20:55:12,36.856519,-83.86978
1_Chicago_Charlotte,X01352,2025-02-14 20:55:12,36.856519,-83.86978
1_Chicago_Charlotte,R1919,2025-02-14 20:05:42,36.648808,-83.700496
1_Chicago_Charlotte,I81643,2025-02-14 07:26:06,36.424313,-83.527554
1_Chicago_Charlotte,F7906,2025-02-14 07:26:06,36.424313,-83.527554
1_Chicago_Charlotte,K3268,2025-02-14 07:26:06,36.424313,-83.527554
1_Chicago_Charlotte,U21646,2025-02-14 19:16:12,36.408934,-83.474428
1_Chicago_Charlotte,N11361,2025-02-14 06:36:36,36.274605,-83.282319
1_Chicago_Charlotte,S31664,2025-02-14 18:26:42,36.184492,-83.273003
1_Chicago_Charlotte,D1936,2025-02-14 18:26:42,36.184492,-83.273003
1_Chicago_Charlotte,T6269,2025-02-14 18:26:42,36.184492,-83.273003
1_Chicago_Charlotte,Z61500,2025-02-14 04:57:36,35.420381,-82.526142
1_Chicago_Charlotte,Y0879,2025-02-14 16:47:42,35.272694,-82.371317
1_Chicago_Charlotte,B31356,2025-02-14 04:08:06,35.27676,-81.536186
1_Chicago_Charlotte,G91024,2025-02-14 15:58:12,35.250194,-81.402006
1_Chicago_Charlotte,X41028,2025-02-14 15:58:12,35.250194,-81.402006
1_Chicago_Charlotte,H7625,2025-02-14 03:18:36,35.223873,-80.847923
0_Chicago_Seattle,S31664,2025-02-14 18:25:24,42.022171,-87.955458
0_Chicago_Seattle,D1936,2025-02-14 18:25:24,42.022171,-87.955458
0_Chicago_Seattle,G6656,2025-02-14 09:19:24,42.556686,-88.980784
0_Chicago_Seattle,B7883,2025-02-14 00:13:30,43.001673,-89.198008
0_Chicago_Seattle,E01407,2025-02-14 21:40:00,43.553405,-89.693808
0_Chicago_Seattle,N11375,2025-02-14 12:34:06,43.902777,-90.200384
0_Chicago_Seattle,A0670,2025-02-14 22:44:54,43.986481,-90.445455
0_Chicago_Seattle,O61410,2025-02-14 22:44:54,43.986481,-90.445455
0_Chicago_Seattle,W21376,2025-02-14 22:44:54,43.986481,-90.445455
0_Chicago_Seattle,B51053,2025-02-14 04:33:06,43.856372,-92.529776
0_Chicago_Seattle,T31058,2025-02-14 04:33:06,43.856372,-92.529776
0_Chicago_Seattle,W3666,2025-02-14 08:52:42,43.781324,-99.331858
0_Chicago_Seattle,N41005,2025-02-14 04:06:24,45.570736,-106.045645
0_Chicago_Seattle,Y71383,2025-02-14 09:30:54,45.90941,-112.261083
0_Chicago_Seattle,X4809,2025-02-14 01:29:48,46.71659,-113.321917
0_Chicago_Seattle,E8814,2025-02-14 12:45:36,46.920767,-114.061913
0_Chicago_Seattle,T81044,2025-02-14 03:39:36,47.247349,-115.053779
0_Chicago_Seattle,Z01371,2025-02-14 04:44:30,47.401104,-115.463769
0_Chicago_Seattle,L61012,2025-02-14 14:55:18,47.407659,-115.502717
0_Chicago_Seattle,K2788,2025-02-14 06:54:18,47.491682,-115.960258
0_Chicago_Seattle,K91360,2025-02-14 19:14:54,47.70857,-116.854602
0_Chicago_Seattle,N11361,2025-02-14 10:09:00,47.602674,-117.541842
0_Chicago_Seattle,H11362,2025-02-14 20:19:48,47.395896,-117.840507
0_Chicago_Seattle,C01014,2025-02-14 20:19:48,47.395896,-117.840507
0_Chicago_Seattle,R2812,2025-02-14 02:08:00,46.971376,-120.441429
0_Chicago_Seattle,W6818,2025-02-14 23:34:30,47.36295,-121.372873
0_Chicago_Seattle,F0659,2025-02-14 23:34:30,47.36295,-121.372873
0_Chicago_Seattle,B71351,2025-02-14 05:22:42,47.584798,-122.225
1_Chicago_Seattle,M01551,2025-02-14 11:57:24,41.827133,-88.021963
1_Chicago_Seattle,S8885,2025-02-14 23:03:54,41.806453,-88.141742
1_Chicago_Seattle,P01518,2025-02-14 23:03:54,41.806453,-88.141742
1_Chicago_Seattle,O11673,2025-02-14 23:03:54,41.806453,-88.141742
1_Chicago_Seattle,I81643,2025-02-14 07:30:06,41.905283,-89.011973
1_Chicago_Seattle,F7906,2025-02-14 07:30:06,41.905283,-89.011973
1_Chicago_Seattle,O5931,2025-02-14 09:41:54,41.638135,-91.043536
1_Chicago_Seattle,F31510,2025-02-14 20:48:30,41.663541,-91.259312
1_Chicago_Seattle,J21062,2025-02-14 20:48:30,41.663541,-91.259312
1_Chicago_Seattle,O71068,2025-02-14 20:48:30,41.663541,-91.259312
1_Chicago_Seattle,Q81521,2025-02-14 16:21:06,41.695906,-92.23198
1_Chicago_Seattle,W01514,2025-02-14 11:53:48,41.682686,-93.29696
1_Chicago_Seattle,J61692,2025-02-14 11:53:48,41.682686,-93.29696
1_Chicago_Seattle,M01551,2025-02-14 11:53:48,41.682686,-93.29696
1_Chicago_Seattle,F7906,2025-02-14 07:26:30,41.493434,-94.360428
1_Chicago_Seattle,D1936,2025-02-14 18:33:00,41.496878,-94.724914
1_Chicago_Seattle,F4637,2025-02-14 02:59:06,41.499224,-95.477044
1_Chicago_Seattle,O5931,2025-02-14 09:38:18,41.222879,-95.994293
1_Chicago_Seattle,H01545,2025-02-14 09:38:18,41.222879,-95.994293
1_Chicago_Seattle,Z7634,2025-02-14 20:44:54,41.222896,-96.073767
1_Chicago_Seattle,O71068,2025-02-14 20:44:54,41.222896,-96.073767
1_Chicago_Seattle,M01551,2025-02-14 11:50:12,40.821571,-97.773286
1_Chicago_Seattle,L8886,2025-02-14 02:51:54,41.742033,-106.842929
1_Chicago_Seattle,Y71383,2025-02-14 09:31:06,41.666986,-108.970935
1_Chicago_Seattle,Y0780,2025-02-14 05:03:48,41.391736,-110.188688
1_Chicago_Seattle,J71377,2025-02-14 07:15:36,41.136883,-111.920618
1_Chicago_Seattle,L8886,2025-02-14 02:48:18,41.805526,-112.324328
1_Chicago_Seattle,S41571,2025-02-14 02:48:18,41.805526,-112.324328
1_Chicago_Seattle,S5636,2025-02-14 13:54:48,41.882459,-112.481552
1_Chicago_Seattle,H3801,2025-02-14 20:34:00,42.426146,-113.331803
1_Chicago_Seattle,O2645,2025-02-14 20:34:00,42.426146,-113.331803
1_Chicago_Seattle,Y0780,2025-02-14 05:00:12,42.575166,-114.151212
1_Chicago_Seattle,H51505,2025-02-14 00:32:48,42.938213,-115.000529
1_Chicago_Seattle,J71377,2025-02-14 07:12:00,43.365081,-115.974946
1_Chicago_Seattle,S5636,2025-02-14 13:51:12,43.88756,-116.802758
1_Chicago_Seattle,H3801,2025-02-14 20:30:24,44.485524,-117.360197
1_Chicago_Seattle,J71377,2025-02-14 07:08:24,45.595532,-118.613607
1_Chicago_Seattle,Y41029,2025-02-14 09:20:18,46.696601,-120.44229
1_Chicago_Seattle,H11362,2025-02-14 20:26:48,46.783999,-120.36786
1_Chicago_Seattle,C01014,2025-02-14 20:26:48,46.783999,-120.36786
1_Chicago_Seattle,Y0623,2025-02-14 00:25:36,47.334414,-121.346132
1_Chicago_Seattle,C9692,2025-02-14 18:11:24,47.515227,-121.838844
"0_Chicago_Washington, D.C.",S51061,2025-02-14 09:54:00,41.609568,-87.376372
"0_Chicago_Washington, D.C.",Y91067,2025-02-14 09:54:00,41.609568,-87.376372
"0_Chicago_Washington, D.C.",F4637,2025-02-14 02:52:18,41.741075,-86.528258
"0_Chicago_Washington, D.C.",G01535,2025-02-14 02:52:18,41.741075,-86.528258
"0_Chicago_Washington, D.C.",E3888,2025-02-14 06:26:24,41.751266,-85.268989
"0_Chicago_Washington, D.C.",W21057,2025-02-14 10:00:24,41.599412,-83.79945
"0_Chicago_Washington, D.C.",S51061,2025-02-14 10:00:24,41.599412,-83.79945
"0_Chicago_Washington, D.C.",F4637,2025-02-14 02:58:48,41.39036,-82.118795
"0_Chicago_Washington, D.C.",N11361,2025-02-14 06:32:54,41.192661,-80.941119
"0_Chicago_Washington, D.C.",J1633,2025-02-14 10:06:54,40.741395,-80.19295
"0_Chicago_Washington, D.C.",H61047,2025-02-14 10:06:54,40.741395,-80.19295
"0_Chicago_Washington, D.C.",Y51051,2025-02-14 10:06:54,40.741395,-80.19295
"0_Chicago_Washington, D.C.",Z01371,2025-02-14 10:06:54,40.741395,-80.19295
"0_Chicago_Washington, D.C.",Z7634,2025-02-14 20:42:36,40.652573,-80.060539
"0_Chicago_Washington, D.C.",O71068,2025-02-14 20:42:36,40.652573,-80.060539
"0_Chicago_Washington, D.C.",W71657,2025-02-14 13:40:54,40.462641,-79.760912
"0_Chicago_Washington, D.C.",W1911,2025-02-14 13:40:54,40.462641,-79.760912
"0_Chicago_Washington, D.C.",N11361,2025-02-14 06:39:18,40.107882,-79.242567
"0_Chicago_Washington, D.C.",F3629,2025-02-14 17:15:00,40.022111,-79.085831
"0_Chicago_Washington, D.C.",H61047,2025-02-14 10:13:24,40.028678,-78.488439
"0_Chicago_Washington, D.C.",Z01371,2025-02-14 10:13:24,40.028678,-78.488439
"0_Chicago_Washington, D.C.",F31510,2025-02-14 20:49:00,40.012551,-78.40525
"0_Chicago_Washington, D.C.",L31532,2025-02-14 20:49:00,40.012551,-78.40525
"0_Chicago_Washington, D.C.",J21062,2025-02-14 20:49:00,40.012551,-78.40525
"0_Chicago_Washington, D.C.",O71068,2025-02-14 20:49:00,40.012551,-78.40525
"0_Chicago_Washington, D.C.",W71657,2025-02-14 13:47:24,39.780159,-78.203637
"0_Chicago_Washington, D.C.",W1911,2025-02-14 13:47:24,39.780159,-78.203637
"0_Chicago_Washington, D.C.",G41411,2025-02-14 13:47:24,39.780159,-78.203637
"0_Chicago_Washington, D.C.",Z9272,2025-02-14 13:47:24,39.780159,-78.203637
"0_Chicago_Washington, D.C.",N11378,2025-02-14 13:47:24,39.780159,-78.203637
"0_Chicago_Washington, D.C.",F3629,2025-02-14 17:21:30,39.404044,-77.462841
"0_Chicago_Washington, D.C.",D8923,2025-02-14 17:21:30,39.404044,-77.462841
"0_Chicago_Washington, D.C.",M31386,2025-02-14 17:21:30,39.404044,-77.462841
"0_Chicago_Washington, D.C.",F31510,2025-02-14 20:55:30,38.921031,-77.062792
"0_Chicago_Washington, D.C.",L31532,2025-02-14 20:55:30,38.921031,-77.062792
"0_Chicago_Washington, D.C.",J21062,2025-02-14 20:55:30,38.921031,-77.062792
"0_Chicago_Washington, D.C.",X01352,2025-02-14 20:55:30,38.921031,-77.062792
"1_Chicago_Washington, D.C.",L7896,2025-02-14 01:17:30,41.641346,-87.506448
"1_Chicago_Washington, D.C.",N11375,2025-02-14 12:32:54,41.609568,-87.376372
"1_Chicago_Washington, D.C.",W3666,2025-02-14 08:49:48,40.758341,-87.114763
"1_Chicago_Washington, D.C.",R1919,2025-02-14 20:05:12,40.470119,-86.852289
"1_Chicago_Washington, D.C.",X51023,2025-02-14 05:06:48,39.823767,-86.224372
"1_Chicago_Washington, D.C.",T61541,2025-02-14 05:06:48,39.823767,-86.224372
"1_Chicago_Washington, D.C.",J21004,2025-02-14 16:22:12,39.804526,-86.16619
"1_Chicago_Washington, D.C.",Z81501,2025-02-14 16:22:12,39.804526,-86.16619
"1_Chicago_Washington, D.C.",Q81521,2025-02-14 16:22:12,39.804526,-86.16619
"1_Chicago_Washington, D.C.",M3897,2025-02-14 12:39:12,39.852966,-85.343008
"1_Chicago_Washington, D.C.",N11375,2025-02-14 12:39:12,39.852966,-85.343008
"1_Chicago_Washington, D.C.",G21658,2025-02-14 23:54:36,39.867338,-84.925826
"1_Chicago_Washington, D.C.",V01366,2025-02-14 08:56:12,39.927644,-83.683699
"1_Chicago_Washington, D.C.",E71630,2025-02-14 20:11:36,39.980458,-83.249649
"1_Chicago_Washington, D.C.",Q0653,2025-02-14 16:28:36,39.943916,-82.410319
"1_Chicago_Washington, D.C.",F61636,2025-02-14 16:28:36,39.943916,-82.410319
"1_Chicago_Washington, D.C.",M3897,2025-02-14 12:45:36,40.056891,-81.115877
"1_Chicago_Washington, D.C.",V01366,2025-02-14 09:02:36,40.113256,-80.463851
"1_Chicago_Washington, D.C.",E71630,2025-02-14 20:18:00,40.124886,-80.364265
"1_Chicago_Washington, D.C.",M11008,2025-02-14 05:19:30,40.128465,-79.961652
"1_Chicago_Washington, D.C.",A4878,2025-02-14 05:19:30,40.128465,-79.961652
"1_Chicago_Washington, D.C.",P11513,2025-02-14 01:36:30,39.869646,-79.699389
"1_Chicago_Washington, D.C.",H71550,2025-02-14 01:36:30,39.869646,-79.699389
"1_Chicago_Washington, D.C.",A4878,2025-02-14 05:25:54,39.677499,-78.472791
"1_Chicago_Washington, D.C.",H71550,2025-02-14 01:42:54,39.620869,-77.7889
"1_Chicago_Washington, D.C.",B01536,2025-02-14 12:58:18,39.584275,-77.636702
"1_Chicago_Washington, D.C.",G6656,2025-02-14 09:15:18,39.009809,-77.09745
"0_Chicago_Washington, D.C.",S51061,2025-02-14 09:54:00,41.609568,-87.376372
"0_Chicago_Washington, D.C.",Y91067,2025-02-14 09:54:00,41.609568,-87.376372
"0_Chicago_Washington, D.C.",F4637,2025-02-14 02:52:18,41.741075,-86.528258
"0_Chicago_Washington, D.C.",G01535,2025-02-14 02:52:18,41.741075,-86.528258
"0_Chicago_Washington, D.C.",E3888,2025-02-14 06:26:24,41.751266,-85.268989
"0_Chicago_Washington, D.C.",W21057,2025-02-14 10:00:24,41.599412,-83.79945
"0_Chicago_Washington, D.C.",S51061,2025-02-14 10:00:24,41.599412,-83.79945
"0_Chicago_Washington, D.C.",F4637,2025-02-14 02:58:48,41.39036,-82.118795
"0_Chicago_Washington, D.C.",N11361,2025-02-14 06:32:54,41.192661,-80.941119
"0_Chicago_Washington, D.C.",J1633,2025-02-14 10:06:54,40.741395,-80.19295
"0_Chicago_Washington, D.C.",H61047,2025-02-14 10:06:54,40.741395,-80.19295
"0_Chicago_Washington, D.C.",Y51051,2025-02-14 10:06:54,40.741395,-80.19295
"0_Chicago_Washington, D.C.",Z01371,2025-02-14 10:06:54,40.741395,-80.19295
"0_Chicago_Washington, D.C.",Z7634,2025-02-14 20:42:36,40.652573,-80.060539
"0_Chicago_Washington, D.C.",O71068,2025-02-14 20:42:36,40.652573,-80.060539
"0_Chicago_Washington, D.C.",W71657,2025-02-14 13:40:54,40.462641,-79.760912
"0_Chicago_Washington, D.C.",W1911,2025-02-14 13:40:54,40.462641,-79.760912
"0_Chicago_Washington, D.C.",N11361,2025-02-14 06:39:18,40.107882,-79.242567
"0_Chicago_Washington, D.C.",F3629,2025-02-14 17:15:00,40.022111,-79.085831
"0_Chicago_Washington, D.C.",H61047,2025-02-14 10:13:24,40.028678,-78.488439
"0_Chicago_Washington, D.C.",Z01371,2025-02-14 10:13:24,40.028678,-78.488439
"0_Chicago_Washington, D.C.",F31510,2025-02-14 20:49:00,40.012551,-78.40525
"0_Chicago_Washington, D.C.",L31532,2025-02-14 20:49:00,40.012551,-78.40525
"0_Chicago_Washington, D.C.",J21062,2025-02-14 20:49:00,40.012551,-78.40525
"0_Chicago_Washington, D.C.",O71068,2025-02-14 20:49:00,40.012551,-78.40525
"0_Chicago_Washington, D.C.",W71657,2025-02-14 13:47:24,39.780159,-78.203637
"0_Chicago_Washington, D.C.",W1911,2025-02-14 13:47:24,39.780159,-78.203637
"0_Chicago_Washington, D.C.",G41411,2025-02-14 13:47:24,39.780159,-78.203637
"0_Chicago_Washington, D.C.",Z9272,2025-02-14 13:47:24,39.780159,-78.203637
"0_Chicago_Washington, D.C.",N11378,2025-02-14 13:47:24,39.780159,-78.203637
"0_Chicago_Washington, D.C.",F3629,2025-02-14 17:21:30,39.404044,-77.462841
"0_Chicago_Washington, D.C.",D8923,2025-02-14 17:21:30,39.404044,-77.462841
"0_Chicago_Washington, D.C.",M31386,2025-02-14 17:21:30,39.404044,-77.462841
"0_Chicago_Washington, D.C.",F31510,2025-02-14 20:55:30,38.921031,-77.062792
"0_Chicago_Washington, D.C.",L31532,2025-02-14 20:55:30,38.921031,-77.062792
"0_Chicago_Washington, D.C.",J21062,2025-02-14 20:55:30,38.921031,-77.062792
"0_Chicago_Washington, D.C.",X01352,2025-02-14 20:55:30,38.921031,-77.062792
"1_Chicago_Washington, D.C.",L7896,2025-02-14 01:17:30,41.641346,-87.506448
"1_Chicago_Washington, D.C.",N11375,2025-02-14 12:32:54,41.609568,-87.376372
"1_Chicago_Washington, D.C.",W3666,2025-02-14 08:49:48,40.758341,-87.114763
"1_Chicago_Washington, D.C.",R1919,2025-02-14 20:05:12,40.470119,-86.852289
"1_Chicago_Washington, D.C.",X51023,2025-02-14 05:06:48,39.823767,-86.224372
"1_Chicago_Washington, D.C.",T61541,2025-02-14 05:06:48,39.823767,-86.224372
"1_Chicago_Washington, D.C.",J21004,2025-02-14 16:22:12,39.804526,-86.16619
"1_Chicago_Washington, D.C.",Z81501,2025-02-14 16:22:12,39.804526,-86.16619
"1_Chicago_Washington, D.C.",Q81521,2025-02-14 16:22:12,39.804526,-86.16619
"1_Chicago_Washington, D.C.",M3897,2025-02-14 12:39:12,39.852966,-85.343008
"1_Chicago_Washington, D.C.",N11375,2025-02-14 12:39:12,39.852966,-85.343008
"1_Chicago_Washington, D.C.",G21658,2025-02-14 23:54:36,39.867338,-84.925826
"1_Chicago_Washington, D.C.",V01366,2025-02-14 08:56:12,39.927644,-83.683699
"1_Chicago_Washington, D.C.",E71630,2025-02-14 20:11:36,39.980458,-83.249649
"1_Chicago_Washington, D.C.",Q0653,2025-02-14 16:28:36,39.943916,-82.410319
"1_Chicago_Washington, D.C.",F61636,2025-02-14 16:28:36,39.943916,-82.410319
"1_Chicago_Washington, D.C.",M3897,2025-02-14 12:45:36,40.056891,-81.115877
"1_Chicago_Washington, D.C.",V01366,2025-02-14 09:02:36,40.113256,-80.463851
"1_Chicago_Washington, D.C.",E71630,2025-02-14 20:18:00,40.124886,-80.364265
"1_Chicago_Washington, D.C.",M11008,2025-02-14 05:19:30,40.128465,-79.961652
"1_Chicago_Washington, D.C.",A4878,2025-02-14 05:19:30,40.128465,-79.961652
"1_Chicago_Washington, D.C.",P11513,2025-02-14 01:36:30,39.869646,-79.699389
"1_Chicago_Washington, D.C.",H71550,2025-02-14 01:36:30,39.869646,-79.699389
"1_Chicago_Washington, D.C.",A4878,2025-02-14 05:25:54,39.677499,-78.472791
"1_Chicago_Washington, D.C.",H71550,2025-02-14 01:42:54,39.620869,-77.7889
"1_Chicago_Washington, D.C.",B01536,2025-02-14 12:58:18,39.584275,-77.636702
"1_Chicago_Washington, D.C.",G6656,2025-02-14 09:15:18,39.009809,-77.09745
0_New York City_Seattle,G6913,2025-02-14 11:08:24,40.777021,-74.045328
0_New York City_Seattle,U41552,2025-02-14 22:02:42,40.810528,-74.095901
0_New York City_Seattle,B7883,2025-02-14 00:11:12,40.911194,-74.510469
0_New York City_Seattle,G6913,2025-02-14 11:05:30,40.894934,-74.64368
0_New York City_Seattle,U41552,2025-02-14 21:59:48,40.895434,-74.71664
0_New York City_Seattle,Q0653,2025-02-14 16:31:12,40.927631,-75.083677
0_New York City_Seattle,F61636,2025-02-14 16:31:12,40.927631,-75.083677
0_New York City_Seattle,B7883,2025-02-14 00:08:18,41.07302,-75.406991
0_New York City_Seattle,Q0653,2025-02-14 16:28:18,40.988195,-76.690034
0_New York City_Seattle,F61636,2025-02-14 16:28:18,40.988195,-76.690034
0_New York City_Seattle,B7883,2025-02-14 00:05:24,41.061286,-77.364872
0_New York City_Seattle,T31690,2025-02-14 00:05:24,41.061286,-77.364872
0_New York City_Seattle,Q0653,2025-02-14 16:25:24,41.036308,-78.381866
0_New York City_Seattle,Q81521,2025-02-14 16:25:24,41.036308,-78.381866
0_New York City_Seattle,F61636,2025-02-14 16:25:24,41.036308,-78.381866
0_New York City_Seattle,Y0623,2025-02-14 00:02:30,41.169938,-79.03043
0_New York City_Seattle,T31690,2025-02-14 00:02:30,41.169938,-79.03043
0_New York City_Seattle,S21000,2025-02-14 10:56:48,41.180665,-79.138498
0_New York City_Seattle,I81643,2025-02-14 10:56:48,41.180665,-79.138498
0_New York City_Seattle,A11633,2025-02-14 21:51:06,41.176963,-79.251549
0_New York City_Seattle,J21004,2025-02-14 16:22:30,41.191702,-79.646309
0_New York City_Seattle,Z81501,2025-02-14 16:22:30,41.191702,-79.646309
0_New York City_Seattle,Q81521,2025-02-14 16:22:30,41.191702,-79.646309
0_New York City_Seattle,S21000,2025-02-14 10:53:54,41.177027,-80.538831
0_New York City_Seattle,I81643,2025-02-14 10:53:54,41.177027,-80.538831
0_New York City_Seattle,R41007,2025-02-14 21:48:12,41.153245,-80.668627
0_New York City_Seattle,A11633,2025-02-14 21:48:12,41.153245,-80.668627
0_New York City_Seattle,A4878,2025-02-14 05:25:18,41.242546,-81.138942
0_New York City_Seattle,J21004,2025-02-14 16:19:36,41.247982,-81.276241
0_New York City_Seattle,Z81501,2025-02-14 16:19:36,41.247982,-81.276241
0_New York City_Seattle,Q81521,2025-02-14 16:19:36,41.247982,-81.276241
0_New York City_Seattle,S21000,2025-02-14 10:51:00,41.386793,-82.079211
0_New York City_Seattle,I81643,2025-02-14 10:51:00,41.386793,-82.079211
0_New York City_Seattle,R41007,2025-02-14 21:45:18,41.374447,-82.264909
0_New York City_Seattle,A11633,2025-02-14 21:45:18,41.374447,-82.264909
0_New York City_Seattle,M11008,2025-02-14 05:22:24,41.482953,-83.35211
0_New York City_Seattle,A4878,2025-02-14 05:22:24,41.482953,-83.35211
0_New York City_Seattle,J21004,2025-02-14 16:16:42,41.555766,-83.555423
0_New York City_Seattle,R81640,2025-02-14 16:16:42,41.555766,-83.555423
0_New York City_Seattle,Z81501,2025-02-14 16:16:42,41.555766,-83.555423
0_New York City_Seattle,Q81521,2025-02-14 16:16:42,41.555766,-83.555423
0_New York City_Seattle,I81643,2025-02-14 10:48:06,41.617052,-84.648905
0_New York City_Seattle,R41007,2025-02-14 21:42:24,41.629487,-84.81613
0_New York City_Seattle,M11008,2025-02-14 05:19:30,41.745897,-85.539134
0_New York City_Seattle,A4878,2025-02-14 05:19:30,41.745897,-85.539134
0_New York City_Seattle,J21004,2025-02-14 16:13:48,41.74683,-85.707018
0_New York City_Seattle,R81640,2025-02-14 16:13:48,41.74683,-85.707018
0_New York City_Seattle,Y01509,2025-02-14 10:45:12,41.737838,-86.537517
0_New York City_Seattle,A4878,2025-02-14 10:45:12,41.737838,-86.537517
0_New York City_Seattle,R41007,2025-02-14 21:39:30,41.683417,-86.661325
0_New York City_Seattle,E01407,2025-02-14 21:39:30,41.683417,-86.661325
0_New York City_Seattle,M11008,2025-02-14 05:16:36,41.592244,-87.2482
0_New York City_Seattle,A4878,2025-02-14 05:16:36,41.592244,-87.2482
0_New York City_Seattle,R81640,2025-02-14 16:10:54,41.608896,-87.353934
0_New York City_Seattle,B51013,2025-02-14 10:42:18,41.883886,-87.645647
0_New York City_Seattle,Y01509,2025-02-14 10:42:18,41.883886,-87.645647
0_New York City_Seattle,A4878,2025-02-14 10:42:18,41.883886,-87.645647
0_New York City_Seattle,C01014,2025-02-14 21:36:36,41.929837,-87.691034
0_New York City_Seattle,W5902,2025-02-14 21:36:36,41.929837,-87.691034
0_New York City_Seattle,E01407,2025-02-14 21:36:36,41.929837,-87.691034
0_New York City_Seattle,R81640,2025-02-14 16:08:00,42.235797,-88.911218
0_New York City_Seattle,N71017,2025-02-14 16:08:00,42.235797,-88.911218
0_New York City_Seattle,B51013,2025-02-14 10:39:24,42.976882,-89.118193
0_New York City_Seattle,J21650,2025-02-14 10:39:24,42.976882,-89.118193
0_New York City_Seattle,Y01509,2025-02-14 10:39:24,42.976882,-89.118193
0_New York City_Seattle,A4878,2025-02-14 10:39:24,42.976882,-89.118193
0_New York City_Seattle,C01014,2025-02-14 21:33:42,43.017001,-89.200141
0_New York City_Seattle,S21021,2025-02-14 21:33:42,43.017001,-89.200141
0_New York City_Seattle,W5902,2025-02-14 21:33:42,43.017001,-89.200141
0_New York City_Seattle,E01407,2025-02-14 21:33:42,43.017001,-89.200141
0_New York City_Seattle,N71017,2025-02-14 16:05:06,43.495091,-89.496648
0_New York City_Seattle,F0663,2025-02-14 16:05:06,43.495091,-89.496648
0_New York City_Seattle,B51013,2025-02-14 10:36:36,43.844756,-90.098128
0_New York City_Seattle,J21650,2025-02-14 10:36:36,43.844756,-90.098128
0_New York City_Seattle,Y01509,2025-02-14 10:36:36,43.844756,-90.098128
0_New York City_Seattle,A4878,2025-02-14 10:36:36,43.844756,-90.098128
0_New York City_Seattle,C01014,2025-02-14 21:30:48,43.926995,-90.27688
0_New York City_Seattle,S21021,2025-02-14 21:30:48,43.926995,-90.27688
0_New York City_Seattle,W5902,2025-02-14 21:30:48,43.926995,-90.27688
0_New York City_Seattle,H11669,2025-02-14 21:30:48,43.926995,-90.27688
0_New York City_Seattle,E01407,2025-02-14 21:30:48,43.926995,-90.27688
0_New York City_Seattle,X51023,2025-02-14 05:08:00,43.858695,-91.306805
0_New York City_Seattle,T61541,2025-02-14 05:08:00,43.858695,-91.306805
0_New York City_Seattle,F0663,2025-02-14 16:02:12,43.924101,-91.441449
0_New York City_Seattle,T61541,2025-02-14 05:05:06,43.652541,-93.931671
0_New York City_Seattle,F0663,2025-02-14 15:59:18,43.666549,-94.296786
0_New York City_Seattle,Z01371,2025-02-14 04:47:42,46.010324,-112.706702
0_New York City_Seattle,N11361,2025-02-14 10:13:24,46.71871,-113.314023
0_New York City_Seattle,Z01371,2025-02-14 04:44:48,46.875477,-113.919651
0_New York City_Seattle,N11361,2025-02-14 10:10:30,47.308482,-115.207533
0_New York City_Seattle,N11361,2025-02-14 10:07:36,47.46818,-115.78421
0_New York City_Seattle,J2644,2025-02-14 10:01:48,47.087843,-118.898317
0_New York City_Seattle,Z21567,2025-02-14 20:56:06,47.104098,-119.550278
0_New York City_Seattle,Z21567,2025-02-14 20:53:12,47.363117,-121.372861
1_New York City_Seattle,J21650,2025-02-14 14:02:24,40.777021,-74.045328
1_New York City_Seattle,J61531,2025-02-14 00:33:36,40.888106,-74.217471
1_New York City_Seattle,Q41642,2025-02-14 00:33:36,40.888106,-74.217471
1_New York City_Seattle,V31548,2025-02-14 00:33:36,40.888106,-74.217471
1_New York City_Seattle,J2928,2025-02-14 12:11:18,40.893145,-74.254343
1_New York City_Seattle,F2918,2025-02-14 08:29:12,40.928579,-74.885993
1_New York City_Seattle,R1919,2025-02-14 20:07:00,40.929658,-74.980908
1_New York City_Seattle,N11361,2025-02-14 06:38:06,41.01476,-75.300245
1_New York City_Seattle,V01038,2025-02-14 04:47:00,41.012598,-76.223548
1_New York City_Seattle,Q0653,2025-02-14 16:24:48,41.032647,-76.384969
1_New York City_Seattle,Q81521,2025-02-14 16:24:48,41.032647,-76.384969
1_New York City_Seattle,F61636,2025-02-14 16:24:48,41.032647,-76.384969
1_New York City_Seattle,F4637,2025-02-14 02:56:00,41.065762,-77.071229
1_New York City_Seattle,M3897,2025-02-14 12:42:42,41.007844,-77.968256
1_New York City_Seattle,S21000,2025-02-14 10:51:36,41.134022,-78.722824
1_New York City_Seattle,I81643,2025-02-14 10:51:36,41.134022,-78.722824
1_New York City_Seattle,V01366,2025-02-14 09:00:30,41.181411,-79.316955
1_New York City_Seattle,Z7634,2025-02-14 20:38:18,41.179726,-79.378753
1_New York City_Seattle,M11008,2025-02-14 05:18:24,41.153245,-80.668627
1_New York City_Seattle,A4878,2025-02-14 05:18:24,41.153245,-80.668627
1_New York City_Seattle,H7625,2025-02-14 03:27:18,41.247982,-81.276241
1_New York City_Seattle,K81656,2025-02-14 03:27:18,41.247982,-81.276241
1_New York City_Seattle,P11513,2025-02-14 01:36:12,41.386793,-82.079211
1_New York City_Seattle,T4874,2025-02-14 13:14:00,41.374447,-82.264909
1_New York City_Seattle,N51354,2025-02-14 13:14:00,41.374447,-82.264909
1_New York City_Seattle,Z11374,2025-02-14 11:22:54,41.555766,-83.555423
1_New York City_Seattle,O11673,2025-02-14 23:00:42,41.601804,-83.825495
1_New York City_Seattle,H01545,2025-02-14 09:31:54,41.617052,-84.648905
1_New York City_Seattle,A8624,2025-02-14 21:09:36,41.629487,-84.81613
1_New York City_Seattle,I31041,2025-02-14 21:09:36,41.629487,-84.81613
1_New York City_Seattle,T01048,2025-02-14 21:09:36,41.629487,-84.81613
1_New York City_Seattle,T0932,2025-02-14 21:09:36,41.629487,-84.81613
1_New York City_Seattle,U21646,2025-02-14 19:18:36,41.74683,-85.707018
1_New York City_Seattle,G4652,2025-02-14 05:49:42,41.748688,-86.415299
1_New York City_Seattle,D8923,2025-02-14 17:27:30,41.737838,-86.537517
1_New York City_Seattle,X91544,2025-02-14 17:27:30,41.737838,-86.537517
1_New York City_Seattle,M31386,2025-02-14 17:27:30,41.737838,-86.537517
1_New York City_Seattle,J51538,2025-02-14 03:58:36,41.572215,-87.148846
1_New York City_Seattle,F0659,2025-02-14 02:07:36,41.520219,-87.991937
1_New York City_Seattle,W71657,2025-02-14 13:45:18,41.505548,-88.150785
1_New York City_Seattle,W1911,2025-02-14 13:45:18,41.505548,-88.150785
1_New York City_Seattle,G41411,2025-02-14 13:45:18,41.505548,-88.150785
1_New York City_Seattle,N11378,2025-02-14 13:45:18,41.505548,-88.150785
1_New York City_Seattle,P61649,2025-02-14 00:16:30,41.375864,-89.255143
1_New York City_Seattle,J61692,2025-02-14 11:54:18,41.400578,-89.458706
1_New York City_Seattle,M01551,2025-02-14 11:54:18,41.400578,-89.458706
1_New York City_Seattle,J1633,2025-02-14 10:03:12,41.458102,-90.507519
1_New York City_Seattle,Y51051,2025-02-14 10:03:12,41.458102,-90.507519
1_New York City_Seattle,W21057,2025-02-14 10:03:12,41.458102,-90.507519
1_New York City_Seattle,Y7657,2025-02-14 19:49:54,41.686709,-91.493358
1_New York City_Seattle,R81528,2025-02-14 19:49:54,41.686709,-91.493358
1_New York City_Seattle,A41546,2025-02-14 19:49:54,41.686709,-91.493358
1_New York City_Seattle,Z6641,2025-02-14 06:21:00,41.695365,-92.453989
1_New York City_Seattle,E3888,2025-02-14 06:21:00,41.695365,-92.453989
1_New York City_Seattle,P3889,2025-02-14 17:58:48,41.696326,-92.727498
1_New York City_Seattle,H61364,2025-02-14 17:58:48,41.696326,-92.727498
1_New York City_Seattle,T31058,2025-02-14 04:30:00,41.643842,-93.777171
1_New York City_Seattle,V41065,2025-02-14 04:30:00,41.643842,-93.777171
1_New York City_Seattle,Y0879,2025-02-14 22:12:18,40.865077,-96.711666
1_New York City_Seattle,V6676,2025-02-14 19:01:30,41.529467,-109.397876
1_New York City_Seattle,S8885,2025-02-14 05:32:36,41.295099,-110.688194
1_New York City_Seattle,D0627,2025-02-14 03:41:36,41.04798,-111.526946
1_New York City_Seattle,T91558,2025-02-14 15:19:18,41.053129,-111.601354
1_New York City_Seattle,Q71389,2025-02-14 01:50:30,41.432003,-112.0573
1_New York City_Seattle,N9689,2025-02-14 04:12:54,43.953407,-116.890001
1_New York City_Seattle,N41005,2025-02-14 04:12:54,43.953407,-116.890001
1_New York City_Seattle,O61367,2025-02-14 02:21:48,44.519445,-117.378689
1_New York City_Seattle,J41263,2025-02-14 02:21:48,44.519445,-117.378689
1_New York City_Seattle,J01261,2025-02-14 12:08:30,45.352902,-118.182913
1_New York City_Seattle,M31042,2025-02-14 20:04:12,46.208722,-119.728706
1_New York City_Seattle,N51354,2025-02-14 06:35:18,46.680702,-120.475905
1_New York City_Seattle,Z01371,2025-02-14 04:44:12,47.193352,-120.95359
1_New York City_Seattle,S41571,2025-02-14 02:53:12,47.397891,-121.398421
1_New York City_Seattle,O61508,2025-02-14 02:53:12,47.397891,-121.398421
1_New York City_Seattle,X4805,2025-02-14 01:02:06,47.52368,-121.936546
1_New York City_Seattle,U21368,2025-02-14 12:39:54,47.532172,-122.021353
0_Portland_Atlanta,Y71383,2025-02-14 09:37:12,45.696983,-121.821345
0_Portland_Atlanta,Q0653,2025-02-14 09:37:12,45.696983,-121.821345
0_Portland_Atlanta,F41566,2025-02-14 09:37:12,45.696983,-121.821345
0_Portland_Atlanta,T41503,2025-02-14 09:37:12,45.696983,-121.821345
0_Portland_Atlanta,C71384,2025-02-14 19:49:48,45.692349,-121.739483
0_Portland_Atlanta,J8664,2025-02-14 19:49:48,45.692349,-121.739483
0_Portland_Atlanta,H51505,2025-02-14 00:40:06,45.679036,-121.289151
0_Portland_Atlanta,A8624,2025-02-14 10:52:42,45.628448,-121.214168
0_Portland_Atlanta,J01261,2025-02-14 12:08:18,45.676708,-118.869466
0_Portland_Atlanta,F0659,2025-02-14 23:36:24,45.349264,-118.247723
0_Portland_Atlanta,K21034,2025-02-14 14:39:24,44.910181,-117.81989
0_Portland_Atlanta,Q01040,2025-02-14 14:39:24,44.910181,-117.81989
0_Portland_Atlanta,K2788,2025-02-14 06:57:54,43.710545,-116.700073
0_Portland_Atlanta,M61385,2025-02-14 10:44:30,42.573414,-113.851692
0_Portland_Atlanta,Z21567,2025-02-14 20:57:06,42.568718,-113.672834
0_Portland_Atlanta,Q71389,2025-02-14 01:47:30,42.19963,-113.025613
0_Portland_Atlanta,H51390,2025-02-14 12:00:06,42.074993,-112.909964
0_Portland_Atlanta,K01507,2025-02-14 12:00:06,42.074993,-112.909964
0_Portland_Atlanta,A51391,2025-02-14 22:12:42,41.926506,-112.638992
0_Portland_Atlanta,V91393,2025-02-14 03:03:00,41.417268,-112.051111
0_Portland_Atlanta,J71394,2025-02-14 13:15:36,41.252684,-112.0183
0_Portland_Atlanta,E51395,2025-02-14 23:28:12,41.182873,-112.011223
0_Portland_Atlanta,W6818,2025-02-14 23:28:12,41.182873,-112.011223
0_Portland_Atlanta,B3784,2025-02-14 15:46:42,41.299095,-110.677516
0_Portland_Atlanta,G6656,2025-02-14 09:12:36,40.189881,-95.356188
0_Portland_Atlanta,X1667,2025-02-14 19:25:06,40.143702,-95.242624
0_Portland_Atlanta,Z7634,2025-02-14 20:40:42,39.544765,-94.787772
0_Portland_Atlanta,M41517,2025-02-14 02:46:36,38.991884,-93.660344
0_Portland_Atlanta,G01535,2025-02-14 02:46:36,38.991884,-93.660344
0_Portland_Atlanta,B01536,2025-02-14 12:59:12,38.992518,-93.575424
0_Portland_Atlanta,M5660,2025-02-14 23:11:48,38.979134,-93.467858
0_Portland_Atlanta,P01518,2025-02-14 23:11:48,38.979134,-93.467858
0_Portland_Atlanta,A4878,2025-02-14 05:17:42,38.847814,-91.278733
0_Portland_Atlanta,G61059,2025-02-14 15:30:18,38.820716,-91.18761
0_Portland_Atlanta,N11361,2025-02-14 06:33:18,38.785318,-90.527906
0_Portland_Atlanta,Y0879,2025-02-14 16:45:48,38.746087,-90.432467
0_Portland_Atlanta,H61364,2025-02-14 18:01:24,38.649195,-90.166074
0_Portland_Atlanta,B7883,2025-02-14 00:07:18,38.325787,-88.955935
0_Portland_Atlanta,S2884,2025-02-14 11:35:24,37.605709,-88.998309
0_Portland_Atlanta,S8885,2025-02-14 23:03:36,37.003188,-88.554428
0_Portland_Atlanta,P01518,2025-02-14 23:03:36,37.003188,-88.554428
0_Portland_Atlanta,O11673,2025-02-14 23:03:36,37.003188,-88.554428
0_Portland_Atlanta,J51538,2025-02-14 03:53:54,37.06145,-88.187542
0_Portland_Atlanta,X51023,2025-02-14 05:09:30,36.861187,-87.707346
0_Portland_Atlanta,V2893,2025-02-14 15:22:06,36.796023,-87.604675
0_Portland_Atlanta,G61059,2025-02-14 15:22:06,36.796023,-87.604675
0_Portland_Atlanta,E3888,2025-02-14 06:25:00,36.326099,-86.883842
0_Portland_Atlanta,P3889,2025-02-14 17:53:12,35.364405,-85.963142
0_Portland_Atlanta,V01366,2025-02-14 08:56:06,35.00681,-85.526861
0_Portland_Atlanta,O61367,2025-02-14 19:08:42,34.991481,-85.48412
0_Portland_Atlanta,J1633,2025-02-14 10:11:42,34.917697,-85.146589
0_Portland_Atlanta,H61047,2025-02-14 10:11:42,34.917697,-85.146589
0_Portland_Atlanta,Z01371,2025-02-14 10:11:42,34.917697,-85.146589
0_Portland_Atlanta,L7896,2025-02-14 01:14:36,34.425074,-84.92032
0_Portland_Atlanta,Z31373,2025-02-14 01:14:36,34.425074,-84.92032
0_Portland_Atlanta,Z11374,2025-02-14 11:27:12,34.308963,-84.836595
0_Portland_Atlanta,R41007,2025-02-14 21:39:48,34.219969,-84.752689
0_Portland_Atlanta,F4646,2025-02-14 02:30:12,34.048497,-84.585987
0_Portland_Atlanta,G91672,2025-02-14 02:30:12,34.048497,-84.585987
0_Portland_Atlanta,M3897,2025-02-14 12:42:48,33.987459,-84.545425
1_Portland_Atlanta,C9692,2025-02-14 18:07:42,45.539999,-122.4173
1_Portland_Atlanta,N11361,2025-02-14 10:11:18,45.901308,-119.331505
1_Portland_Atlanta,C01014,2025-02-14 20:18:36,45.998242,-119.264061
1_Portland_Atlanta,X2685,2025-02-14 00:47:42,46.364816,-119.083424
1_Portland_Atlanta,A8624,2025-02-14 10:55:00,46.641847,-118.859425
1_Portland_Atlanta,Z21567,2025-02-14 21:02:18,46.812174,-118.713061
1_Portland_Atlanta,X4809,2025-02-14 01:31:24,47.296912,-118.027007
1_Portland_Atlanta,R11572,2025-02-14 13:06:00,47.606173,-116.504316
1_Portland_Atlanta,Y01509,2025-02-14 13:06:00,47.606173,-116.504316
1_Portland_Atlanta,T81044,2025-02-14 03:42:24,47.534297,-116.106659
1_Portland_Atlanta,X01369,2025-02-14 23:56:54,47.495448,-115.977882
1_Portland_Atlanta,Q01040,2025-02-14 14:33:18,47.465023,-115.755239
1_Portland_Atlanta,R3777,2025-02-14 05:09:42,47.41584,-115.586718
1_Portland_Atlanta,Z8778,2025-02-14 15:16:54,47.417787,-115.532671
1_Portland_Atlanta,N51354,2025-02-14 06:37:00,47.000724,-114.476054
1_Portland_Atlanta,W61355,2025-02-14 16:44:18,47.027377,-114.292013
1_Portland_Atlanta,V21579,2025-02-14 07:20:36,46.716238,-113.532338
1_Portland_Atlanta,N11378,2025-02-14 17:27:54,46.703578,-113.470031
1_Portland_Atlanta,C01014,2025-02-14 20:22:30,45.83224,-109.899065
1_Portland_Atlanta,F0663,2025-02-14 16:04:30,43.806039,-99.369593
1_Portland_Atlanta,X91544,2025-02-14 17:31:48,43.380947,-96.796474
1_Portland_Atlanta,W3666,2025-02-14 08:51:54,42.44885,-94.213504
1_Portland_Atlanta,S3907,2025-02-14 18:59:12,42.449042,-93.866025
1_Portland_Atlanta,O5931,2025-02-14 09:35:30,42.460357,-92.280036
1_Portland_Atlanta,H01545,2025-02-14 09:35:30,42.460357,-92.280036
1_Portland_Atlanta,O61508,2025-02-14 19:42:48,42.450089,-91.978906
1_Portland_Atlanta,R81528,2025-02-14 19:42:48,42.450089,-91.978906
1_Portland_Atlanta,A41546,2025-02-14 19:42:48,42.450089,-91.978906
1_Portland_Atlanta,B7883,2025-02-14 00:11:54,42.44893,-90.778002
1_Portland_Atlanta,A8624,2025-02-14 21:10:06,41.595722,-90.570437
1_Portland_Atlanta,I31041,2025-02-14 21:10:06,41.595722,-90.570437
1_Portland_Atlanta,T01048,2025-02-14 21:10:06,41.595722,-90.570437
1_Portland_Atlanta,T0932,2025-02-14 21:10:06,41.595722,-90.570437
1_Portland_Atlanta,P11513,2025-02-14 01:39:12,40.967514,-90.332138
1_Portland_Atlanta,H71550,2025-02-14 01:39:12,40.967514,-90.332138
1_Portland_Atlanta,W01514,2025-02-14 11:46:30,40.877912,-90.088233
1_Portland_Atlanta,J61692,2025-02-14 11:46:30,40.877912,-90.088233
1_Portland_Atlanta,N11375,2025-02-14 12:30:12,40.598925,-89.47843
1_Portland_Atlanta,F9914,2025-02-14 22:37:24,40.386233,-89.455836
1_Portland_Atlanta,T4874,2025-02-14 13:13:48,39.909527,-89.5953
1_Portland_Atlanta,N51354,2025-02-14 13:13:48,39.909527,-89.5953
1_Portland_Atlanta,G8626,2025-02-14 13:57:30,39.503668,-89.218886
1_Portland_Atlanta,B51053,2025-02-14 04:33:54,38.991386,-89.098639
1_Portland_Atlanta,T31058,2025-02-14 04:33:54,38.991386,-89.098639
1_Portland_Atlanta,A4878,2025-02-14 05:17:30,38.624394,-88.973812
1_Portland_Atlanta,G61059,2025-02-14 15:24:48,38.531023,-88.964636
1_Portland_Atlanta,P21416,2025-02-14 06:01:12,37.927841,-88.946837
1_Portland_Atlanta,Y71383,2025-02-14 06:01:12,37.927841,-88.946837
1_Portland_Atlanta,Y0879,2025-02-14 16:52:06,37.191217,-88.685819
1_Portland_Atlanta,I81643,2025-02-14 07:28:30,36.993141,-88.33386
1_Portland_Atlanta,F7906,2025-02-14 07:28:30,36.993141,-88.33386
1_Portland_Atlanta,X91544,2025-02-14 17:35:48,37.049317,-88.247681
1_Portland_Atlanta,S31664,2025-02-14 18:19:24,36.960487,-87.858319
1_Portland_Atlanta,V01366,2025-02-14 08:55:48,36.521431,-87.216667
1_Portland_Atlanta,O5931,2025-02-14 09:39:30,36.041078,-86.65188
1_Portland_Atlanta,H01545,2025-02-14 09:39:30,36.041078,-86.65188
1_Portland_Atlanta,Y7657,2025-02-14 19:46:42,35.913314,-86.508388
1_Portland_Atlanta,O61508,2025-02-14 19:46:42,35.913314,-86.508388
1_Portland_Atlanta,R81528,2025-02-14 19:46:42,35.913314,-86.508388
1_Portland_Atlanta,A41546,2025-02-14 19:46:42,35.913314,-86.508388
1_Portland_Atlanta,G6913,2025-02-14 11:06:48,35.023071,-85.299094
1_Portland_Atlanta,I31041,2025-02-14 21:14:06,35.003023,-85.214095
1_Portland_Atlanta,W01514,2025-02-14 11:50:24,34.556951,-84.936239
1_Portland_Atlanta,J61692,2025-02-14 11:50:24,34.556951,-84.936239
1_Portland_Atlanta,F4646,2025-02-14 02:26:48,34.118405,-84.739482
1_Portland_Atlanta,G91672,2025-02-14 02:26:48,34.118405,-84.739482
1_Portland_Atlanta,N11375,2025-02-14 12:34:06,34.081591,-84.679475
1_Portland_Atlanta,F9914,2025-02-14 22:41:24,34.053146,-84.592696
1_Portland_Atlanta,U21646,2025-02-14 22:41:24,34.053146,-84.592696
1_Portland_Atlanta,P91693,2025-02-14 13:17:42,33.758183,-84.379013
