Pallet_ID,timestamp,latitude,longitude,Fixed_Timestamp,Fixed_Timestamp_dt,time_diff_hours,prev_latitude,prev_longitude,distance_km,speed_kmh
A0294,50:06.3,38.537503979699956,-114.90130561199983,0,0,0.0,0.0,0.0,0.0,0.0
A0670,22:47.2,38.537503979699956,-114.90130561199983,0,0,0.0,0.0,0.0,0.0,0.0
A0693,28:41.0,38.537503979699956,-114.90130561199983,0,0,0.0,0.0,0.0,0.0,0.0
A0806,11:03.4,38.537503979699956,-114.90130561199983,0,0,0.0,0.0,0.0,0.0,0.0
A11633,21:48.7,38.537503979699956,-114.90130561199983,0,0,0.0,0.0,0.0,0.0,0.0
A11633,25:11.1,33.90902026,-93.3068059,0,0,0.0,40.05541873,-75.25754141,1741.5950282155466,0.0
A1648,23:38.7,38.537503979699956,-114.90130561199983,0,0,0.0,0.0,0.0,0.0,0.0
A1648,45:08.6,39.35251067,-120.2061205,0,0,0.0,41.66592474,-95.57028669,2096.5287410759956,0.0
A21547,50:21.9,38.537503979699956,-114.90130561199983,0,0,0.0,0.0,0.0,0.0,0.0
A31069,26:10.6,38.537503979699956,-114.90130561199983,0,0,0.0,0.0,0.0,0.0,0.0
A31259,11:14.0,38.537503979699956,-114.90130561199983,0,0,0.0,0.0,0.0,0.0,0.0
A3810,41:56.1,38.537503979699956,-114.90130561199983,0,0,0.0,0.0,0.0,0.0,0.0
A41546,19:47.8,38.537503979699956,-114.90130561199983,0,0,0.0,0.0,0.0,0.0,0.0
A4878,05:21.3,38.537503979699956,-114.90130561199983,0,0,0.0,0.0,0.0,0.0,0.0
A4878,10:41.2,39.09264944,-101.0937608,0,0,0.0,34.00388898,-84.85672597,1556.812207800215,0.0
A51391,22:11.5,38.537503979699956,-114.90130561199983,0,0,0.0,0.0,0.0,0.0,0.0
A81670,31:43.9,38.537503979699956,-114.90130561199983,0,0,0.0,0.0,0.0,0.0,0.0
A8624,21:07.6,38.537503979699956,-114.90130561199983,0,0,0.0,0.0,0.0,0.0,0.0
A8624,10:56.1,41.03822948,-114.2242793,0,0,0.0,41.9968645,-87.82919859,2197.134525235161,0.0
A91512,41:14.8,38.537503979699956,-114.90130561199983,0,0,0.0,0.0,0.0,0.0,0.0
A91512,24:24.3,45.46492928,-121.8847681,0,0,0.0,36.1601297,-86.69129362,3114.75087242118,0.0
A9638,24:04.5,38.537503979699956,-114.90130561199983,0,0,0.0,0.0,0.0,0.0,0.0
A9638,56:08.1,39.50129779,-118.8523702,0,0,0.0,41.68284009,-91.88166617,2286.5137006294317,0.0
B01536,12:59.0,38.537503979699956,-114.90130561199983,0,0,0.0,0.0,0.0,0.0,0.0
B11072,31:35.3,38.537503979699956,-114.90130561199983,0,0,0.0,0.0,0.0,0.0,0.0
B11353,46:12.0,38.537503979699956,-114.90130561199983,0,0,0.0,0.0,0.0,0.0,0.0
B11353,22:11.0,38.94420319,-90.78285192,0,0,0.0,45.60385061,-122.1197577,2669.7487184317497,0.0
B21066,58:57.8,38.537503979699956,-114.90130561199983,0,0,0.0,0.0,0.0,0.0,0.0
B31356,26:59.9,38.537503979699956,-114.90130561199983,0,0,0.0,0.0,0.0,0.0,0.0
B31356,04:10.9,38.3984867,-89.82289166,0,0,0.0,45.63828173,-121.8366419,2749.9915606624313,0.0
B31557,54:54.5,38.537503979699956,-114.90130561199983,0,0,0.0,0.0,0.0,0.0,0.0
B3784,46:10.3,38.537503979699956,-114.90130561199983,0,0,0.0,0.0,0.0,0.0,0.0
B3784,15:44.7,37.57653641,-115.3160518,0,0,0.0,47.37990668,-121.2666713,1192.959248391654,0.0
B41397,44:59.5,38.537503979699956,-114.90130561199983,0,0,0.0,0.0,0.0,0.0,0.0
B41689,29:14.1,38.537503979699956,-114.90130561199983,0,0,0.0,0.0,0.0,0.0,0.0
B51013,10:39.7,38.537503979699956,-114.90130561199983,0,0,0.0,0.0,0.0,0.0,0.0
B51013,25:51.5,45.87255323,-109.8764303,0,0,0.0,41.16594064,-77.16871099,2675.97803516356,0.0
B51053,04:36.8,38.537503979699956,-114.90130561199983,0,0,0.0,0.0,0.0,0.0,0.0
B5322,33:22.6,38.537503979699956,-114.90130561199983,0,0,0.0,0.0,0.0,0.0,0.0
B5691,46:25.9,38.537503979699956,-114.90130561199983,0,0,0.0,0.0,0.0,0.0,0.0
B5939,38:51.1,38.537503979699956,-114.90130561199983,0,0,0.0,0.0,0.0,0.0,0.0
B71351,05:24.0,38.537503979699956,-114.90130561199983,0,0,0.0,0.0,0.0,0.0,0.0
B71351,40:11.1,39.02441382,-92.11105389,0,0,0.0,45.6031208,-122.4398591,2587.478645477687,0.0
B7883,00:08.9,38.537503979699956,-114.90130561199983,0,0,0.0,0.0,0.0,0.0,0.0
B7883,19:33.7,39.43140672,-102.8702157,0,0,0.0,34.99787092,-85.52405359,1613.309545172938,0.0
B81015,32:28.0,38.537503979699956,-114.90130561199983,0,0,0.0,0.0,0.0,0.0,0.0
B81015,31:16.1,45.78447022,-110.9609077,0,0,0.0,41.29385943,-77.48534398,2730.4687961907143,0.0
B81681,36:23.4,38.537503979699956,-114.90130561199983,0,0,0.0,0.0,0.0,0.0,0.0
B9255,36:26.4,38.537503979699956,-114.90130561199983,0,0,0.0,0.0,0.0,0.0,0.0
B9255,48:03.7,29.96896402,-99.05325392,0,0,0.0,32.62518202,-116.558979,1690.4415729071081,0.0
B9291,05:48.7,38.537503979699956,-114.90130561199983,0,0,0.0,0.0,0.0,0.0,0.0
B9903,33:03.0,38.537503979699956,-114.90130561199983,0,0,0.0,0.0,0.0,0.0,0.0
C01014,21:33.9,38.537503979699956,-114.90130561199983,0,0,0.0,0.0,0.0,0.0,0.0
C01014,20:22.0,45.5035067,-111.0415714,0,0,0.0,41.08266499,-77.28673237,2761.8622439980845,0.0
C01682,46:38.9,38.537503979699956,-114.90130561199983,0,0,0.0,0.0,0.0,0.0,0.0
C01683,56:54.4,38.537503979699956,-114.90130561199983,0,0,0.0,0.0,0.0,0.0,0.0
C11010,48:56.3,38.537503979699956,-114.90130561199983,0,0,0.0,0.0,0.0,0.0,0.0
C11010,53:09.2,45.66076302,-108.7762422,0,0,0.0,40.91212685,-74.92004697,2776.3845139160285,0.0
C11534,42:24.9,38.537503979699956,-114.90130561199983,0,0,0.0,0.0,0.0,0.0,0.0
C1319,00:09.4,38.537503979699956,-114.90130561199983,0,0,0.0,0.0,0.0,0.0,0.0
C1875,30:55.0,38.537503979699956,-114.90130561199983,0,0,0.0,0.0,0.0,0.0,0.0
C1875,24:46.1,38.68947753,-99.54335806,0,0,0.0,33.97250349,-84.46757062,1449.0412152115584,0.0
C1905,56:00.5,38.537503979699956,-114.90130561199983,0,0,0.0,0.0,0.0,0.0,0.0
C1927,49:15.9,38.537503979699956,-114.90130561199983,0,0,0.0,0.0,0.0,0.0,0.0
C31400,57:35.4,38.537503979699956,-114.90130561199983,0,0,0.0,0.0,0.0,0.0,0.0
C31569,11:54.7,38.537503979699956,-114.90130561199983,0,0,0.0,0.0,0.0,0.0,0.0
C31654,32:40.6,38.537503979699956,-114.90130561199983,0,0,0.0,0.0,0.0,0.0,0.0
C3318,38:00.6,38.537503979699956,-114.90130561199983,0,0,0.0,0.0,0.0,0.0,0.0
C3817,53:12.3,38.537503979699956,-114.90130561199983,0,0,0.0,0.0,0.0,0.0,0.0
C51419,56:59.1,38.537503979699956,-114.90130561199983,0,0,0.0,0.0,0.0,0.0,0.0
C6789,47:20.7,38.537503979699956,-114.90130561199983,0,0,0.0,0.0,0.0,0.0,0.0
C6789,26:25.7,36.96971109,-114.9156997,0,0,0.0,46.57010217,-120.3981481,1158.9182661547059,0.0
C6938,27:22.3,38.537503979699956,-114.90130561199983,0,0,0.0,0.0,0.0,0.0,0.0
C71205,00:00.0,38.537503979699956,-114.90130561199983,0,0,0.0,0.0,0.0,0.0,0.0
C71384,19:47.6,38.537503979699956,-114.90130561199983,0,0,0.0,0.0,0.0,0.0,0.0
C71384,36:34.6,34.159634,-84.96322217,0,0,0.0,41.5097128,-112.1331736,2514.5813387348694,0.0
C7675,57:51.2,38.537503979699956,-114.90130561199983,0,0,0.0,0.0,0.0,0.0,0.0
C81225,44:26.3,38.537503979699956,-114.90130561199983,0,0,0.0,0.0,0.0,0.0,0.0
C81417,26:23.2,38.537503979699956,-114.90130561199983,0,0,0.0,0.0,0.0,0.0,0.0
C81502,46:53.6,38.537503979699956,-114.90130561199983,0,0,0.0,0.0,0.0,0.0,0.0
C81502,49:17.6,45.26790399,-118.1098386,0,0,0.0,34.25062047,-84.68126517,3086.654843296706,0.0
C91637,43:52.8,38.537503979699956,-114.90130561199983,0,0,0.0,0.0,0.0,0.0,0.0
C91637,26:44.3,33.44351511,-94.48216111,0,0,0.0,39.22551484,-76.36772396,1744.4066812755334,0.0
C91677,24:34.7,38.537503979699956,-114.90130561199983,0,0,0.0,0.0,0.0,0.0,0.0
C9692,18:07.2,38.537503979699956,-114.90130561199983,0,0,0.0,0.0,0.0,0.0,0.0
D0627,45:37.8,38.537503979699956,-114.90130561199983,0,0,0.0,0.0,0.0,0.0,0.0
D0627,03:45.0,41.08861151,-115.6954646,0,0,0.0,41.69283772,-89.20863951,2207.5297072402714,0.0
D0631,38:26.7,38.537503979699956,-114.90130561199983,0,0,0.0,0.0,0.0,0.0,0.0
D0631,59:56.5,40.88204485,-117.5756444,0,0,0.0,41.70447471,-90.30309071,2276.6472261694507,0.0
D11401,07:47.4,38.537503979699956,-114.90130561199983,0,0,0.0,0.0,0.0,0.0,0.0
D1936,18:29.7,38.537503979699956,-114.90130561199983,0,0,0.0,0.0,0.0,0.0,0.0
D21549,51:30.0,38.537503979699956,-114.90130561199983,0,0,0.0,0.0,0.0,0.0,0.0
D31540,54:52.5,38.537503979699956,-114.90130561199983,0,0,0.0,0.0,0.0,0.0,0.0
D3262,38:14.8,38.537503979699956,-114.90130561199983,0,0,0.0,0.0,0.0,0.0,0.0
D3262,49:52.1,29.40936651,-98.27901735,0,0,0.0,32.9847107,-116.0209814,1734.4437379389472,0.0
D41056,59:07.3,38.537503979699956,-114.90130561199983,0,0,0.0,0.0,0.0,0.0,0.0
D51632,11:33.1,38.537503979699956,-114.90130561199983,0,0,0.0,0.0,0.0,0.0,0.0
D51632,14:55.6,34.43507653,-93.07176843,0,0,0.0,40.04014447,-75.20938068,1698.8851754621246,0.0
D61232,05:49.5,38.537503979699956,-114.90130561199983,0,0,0.0,0.0,0.0,0.0,0.0
D6310,09:25.4,38.537503979699956,-114.90130561199983,0,0,0.0,0.0,0.0,0.0,0.0
D71254,49:50.8,38.537503979699956,-114.90130561199983,0,0,0.0,0.0,0.0,0.0,0.0
D71408,31:47.3,38.537503979699956,-114.90130561199983,0,0,0.0,0.0,0.0,0.0,0.0
D8260,42:52.8,38.537503979699956,-114.90130561199983,0,0,0.0,0.0,0.0,0.0,0.0
D8260,27:43.3,29.34746867,-98.16843073,0,0,0.0,32.73836011,-116.0889333,1749.2059107282253,0.0
D8923,17:25.8,38.537503979699956,-114.90130561199983,0,0,0.0,0.0,0.0,0.0,0.0
E01407,21:35.3,38.537503979699956,-114.90130561199983,0,0,0.0,0.0,0.0,0.0,0.0
E01668,50:41.8,38.537503979699956,-114.90130561199983,0,0,0.0,0.0,0.0,0.0,0.0
E0654,37:35.1,38.537503979699956,-114.90130561199983,0,0,0.0,0.0,0.0,0.0,0.0
E0654,20:12.6,39.4738248,-120.3184793,0,0,0.0,41.03060026,-96.16382922,2055.7162986419758,0.0
E11077,58:48.2,38.537503979699956,-114.90130561199983,0,0,0.0,0.0,0.0,0.0,0.0
E11218,12:58.9,38.537503979699956,-114.90130561199983,0,0,0.0,0.0,0.0,0.0,0.0
E11525,48:03.7,38.537503979699956,-114.90130561199983,0,0,0.0,0.0,0.0,0.0,0.0
E11560,45:51.3,38.537503979699956,-114.90130561199983,0,0,0.0,0.0,0.0,0.0,0.0
E21070,37:04.7,38.537503979699956,-114.90130561199983,0,0,0.0,0.0,0.0,0.0,0.0
E21659,34:13.8,38.537503979699956,-114.90130561199983,0,0,0.0,0.0,0.0,0.0,0.0
E2642,38:00.9,38.537503979699956,-114.90130561199983,0,0,0.0,0.0,0.0,0.0,0.0
E2642,38:23.2,39.71223663,-119.3210175,0,0,0.0,41.79450835,-93.5839671,2177.4974371163767,0.0
E3888,06:25.3,38.537503979699956,-114.90130561199983,0,0,0.0,0.0,0.0,0.0,0.0
E3888,25:50.1,39.5960097,-104.7650865,0,0,0.0,36.41813886,-86.98468282,1598.0047695800115,0.0
E4325,39:49.0,38.537503979699956,-114.90130561199983,0,0,0.0,0.0,0.0,0.0,0.0
E51395,23:23.5,38.537503979699956,-114.90130561199983,0,0,0.0,0.0,0.0,0.0,0.0
E51406,50:59.3,38.537503979699956,-114.90130561199983,0,0,0.0,0.0,0.0,0.0,0.0
E5632,59:34.2,38.537503979699956,-114.90130561199983,0,0,0.0,0.0,0.0,0.0,0.0
E5632,10:30.3,40.97858592,-117.7590104,0,0,0.0,41.37068457,-90.14467823,2307.7520023444545,0.0
E61022,43:17.3,38.537503979699956,-114.90130561199983,0,0,0.0,0.0,0.0,0.0,0.0
E61022,58:29.0,46.46658435,-112.6661192,0,0,0.0,41.40866208,-78.99031048,2739.7095514872335,0.0
E61523,07:18.2,38.537503979699956,-114.90130561199983,0,0,0.0,0.0,0.0,0.0,0.0
E6811,52:02.0,38.537503979699956,-114.90130561199983,0,0,0.0,0.0,0.0,0.0,0.0
E71630,20:15.5,38.537503979699956,-114.90130561199983,0,0,0.0,0.0,0.0,0.0,0.0
E71630,44:09.0,34.80719473,-92.27573489,0,0,0.0,39.96931564,-75.35145456,1601.3401606069203,0.0
E7300,07:37.0,38.537503979699956,-114.90130561199983,0,0,0.0,0.0,0.0,0.0,0.0
E81071,09:47.1,38.537503979699956,-114.90130561199983,0,0,0.0,0.0,0.0,0.0,0.0
E81537,43:33.0,38.537503979699956,-114.90130561199983,0,0,0.0,0.0,0.0,0.0,0.0
E81684,27:41.0,38.537503979699956,-114.90130561199983,0,0,0.0,0.0,0.0,0.0,0.0
E8814,12:48.8,38.537503979699956,-114.90130561199983,0,0,0.0,0.0,0.0,0.0,0.0
F01415,55:47.2,38.537503979699956,-114.90130561199983,0,0,0.0,0.0,0.0,0.0,0.0
F0639,34:38.2,38.537503979699956,-114.90130561199983,0,0,0.0,0.0,0.0,0.0,0.0
F0639,06:41.9,39.8034576,-119.4173307,0,0,0.0,41.7641725,-92.02163982,2312.8491691416257,0.0
F0659,02:05.4,38.537503979699956,-114.90130561199983,0,0,0.0,0.0,0.0,0.0,0.0
F0659,23:35.2,39.35731085,-120.5714716,0,0,0.0,40.71588564,-97.1756118,1996.56383854622,0.0
F0663,16:01.8,38.537503979699956,-114.90130561199983,0,0,0.0,0.0,0.0,0.0,0.0
F0663,26:57.9,39.18654939,-120.8204431,0,0,0.0,40.55585497,-99.07624867,1861.761512128512,0.0
F21691,30:47.2,38.537503979699956,-114.90130561199983,0,0,0.0,0.0,0.0,0.0,0.0
F2813,12:13.7,38.537503979699956,-114.90130561199983,0,0,0.0,0.0,0.0,0.0,0.0
F2918,08:33.2,38.537503979699956,-114.90130561199983,0,0,0.0,0.0,0.0,0.0,0.0
F31510,20:52.1,38.537503979699956,-114.90130561199983,0,0,0.0,0.0,0.0,0.0,0.0
F31510,04:01.6,45.51357337,-121.8135776,0,0,0.0,36.21871397,-86.79995756,3098.1585032755274,0.0
F3315,04:47.4,38.537503979699956,-114.90130561199983,0,0,0.0,0.0,0.0,0.0,0.0
F3629,17:19.1,38.537503979699956,-114.90130561199983,0,0,0.0,0.0,0.0,0.0,0.0
F3629,56:33.9,40.69899343,-116.0838161,0,0,0.0,41.49349215,-90.21253856,2167.1921901296387,0.0
F41566,09:38.4,38.537503979699956,-114.90130561199983,0,0,0.0,0.0,0.0,0.0,0.0
F4637,02:56.9,38.537503979699956,-114.90130561199983,0,0,0.0,0.0,0.0,0.0,0.0
F4637,24:26.8,39.82572148,-118.7820588,0,0,0.0,41.89786136,-91.46135529,2305.0804143365363,0.0
F4646,02:31.1,38.537503979699956,-114.90130561199983,0,0,0.0,0.0,0.0,0.0,0.0
F4646,41:45.9,39.60450577,-119.8318689,0,0,0.0,41.39913673,-95.34648322,2078.094222520528,0.0
F4658,51:31.6,38.537503979699956,-114.90130561199983,0,0,0.0,0.0,0.0,0.0,0.0
F4658,02:27.7,39.36108321,-120.7240694,0,0,0.0,40.57700398,-96.95807783,2028.7019389718073,0.0
F51370,44:23.7,38.537503979699956,-114.90130561199983,0,0,0.0,0.0,0.0,0.0,0.0
F51370,49:46.8,36.86572081,-88.0691667,0,0,0.0,43.48153884,-116.5184315,2518.0137734415716,0.0
F5628,56:11.6,38.537503979699956,-114.90130561199983,0,0,0.0,0.0,0.0,0.0,0.0
F5628,46:00.1,40.76946172,-116.3442316,0,0,0.0,41.72786308,-89.71743843,2225.4419352124287,0.0
F61636,23:21.8,38.537503979699956,-114.90130561199983,0,0,0.0,0.0,0.0,0.0,0.0
F61636,16:28.8,33.37771939,-94.06357999,0,0,0.0,39.82698189,-75.92433168,1769.4556718854624,0.0
F6284,37:13.5,38.537503979699956,-114.90130561199983,0,0,0.0,0.0,0.0,0.0,0.0
F71675,43:32.6,38.537503979699956,-114.90130561199983,0,0,0.0,0.0,0.0,0.0,0.0
F7630,27:52.9,38.537503979699956,-114.90130561199983,0,0,0.0,0.0,0.0,0.0,0.0
F7630,49:22.8,40.82499637,-117.5668867,0,0,0.0,41.51364058,-90.2176254,2286.816307009129,0.0
F7906,07:29.3,38.537503979699956,-114.90130561199983,0,0,0.0,0.0,0.0,0.0,0.0
F81678,45:05.7,38.537503979699956,-114.90130561199983,0,0,0.0,0.0,0.0,0.0,0.0
F91222,44:01.3,38.537503979699956,-114.90130561199983,0,0,0.0,0.0,0.0,0.0,0.0
F91421,38:59.1,38.537503979699956,-114.90130561199983,0,0,0.0,0.0,0.0,0.0,0.0
F9651,55:20.0,38.537503979699956,-114.90130561199983,0,0,0.0,0.0,0.0,0.0,0.0
F9651,48:31.2,39.43608839,-120.3785697,0,0,0.0,41.47604138,-95.87186775,2083.9932656342867,0.0
F9914,22:38.2,38.537503979699956,-114.90130561199983,0,0,0.0,0.0,0.0,0.0,0.0
G01414,45:35.2,38.537503979699956,-114.90130561199983,0,0,0.0,0.0,0.0,0.0,0.0
G01535,02:47.6,38.537503979699956,-114.90130561199983,0,0,0.0,0.0,0.0,0.0,0.0
G1647,13:04.9,38.537503979699956,-114.90130561199983,0,0,0.0,0.0,0.0,0.0,0.0
G1647,34:34.8,39.43011062,-119.9474326,0,0,0.0,41.511515,-95.16246401,2107.2477066317456,0.0
G21658,23:58.2,38.537503979699956,-114.90130561199983,0,0,0.0,0.0,0.0,0.0,0.0
G2779,25:23.4,38.537503979699956,-114.90130561199983,0,0,0.0,0.0,0.0,0.0,0.0
G2779,44:51.9,38.63894574,-115.0903876,0,0,0.0,47.78691346,-122.1409216,1165.4955414166245,0.0
G2876,42:23.8,38.537503979699956,-114.90130561199983,0,0,0.0,0.0,0.0,0.0,0.0
G2876,36:14.9,39.14922268,-99.7000261,0,0,0.0,33.99409689,-84.67836742,1458.8296740681392,0.0
G31255,09:59.1,38.537503979699956,-114.90130561199983,0,0,0.0,0.0,0.0,0.0,0.0
G41055,48:13.2,38.537503979699956,-114.90130561199983,0,0,0.0,0.0,0.0,0.0,0.0
G41411,13:47.2,38.537503979699956,-114.90130561199983,0,0,0.0,0.0,0.0,0.0,0.0
G4250,30:00.0,38.537503979699956,-114.90130561199983,0,0,0.0,0.0,0.0,0.0,0.0
G4250,52:41.7,30.22453899,-99.50637007,0,0,0.0,32.59424501,-117.0124843,1683.332807382158,0.0
G4652,05:53.8,38.537503979699956,-114.90130561199983,0,0,0.0,0.0,0.0,0.0,0.0
G4652,59:05.0,39.17681357,-120.1451518,0,0,0.0,41.18156395,-96.0729376,2055.6578879623557,0.0
G51543,36:46.1,38.537503979699956,-114.90130561199983,0,0,0.0,0.0,0.0,0.0,0.0
G51655,42:56.2,38.537503979699956,-114.90130561199983,0,0,0.0,0.0,0.0,0.0,0.0
G5683,39:40.5,38.537503979699956,-114.90130561199983,0,0,0.0,0.0,0.0,0.0,0.0
G61059,15:26.1,38.537503979699956,-114.90130561199983,0,0,0.0,0.0,0.0,0.0,0.0
G6656,09:16.5,38.537503979699956,-114.90130561199983,0,0,0.0,0.0,0.0,0.0,0.0
G6656,41:20.1,39.0887538,-120.4440651,0,0,0.0,40.9159338,-96.45539659,2051.9566659469274,0.0
G6913,11:09.4,38.537503979699956,-114.90130561199983,0,0,0.0,0.0,0.0,0.0,0.0
G81382,49:11.6,38.537503979699956,-114.90130561199983,0,0,0.0,0.0,0.0,0.0,0.0
G81382,55:46.6,34.69681362,-85.05637706,0,0,0.0,41.68211379,-112.7171479,2531.4811456802713,0.0
G81639,55:41.5,38.537503979699956,-114.90130561199983,0,0,0.0,0.0,0.0,0.0,0.0
G81639,47:15.3,32.97668299,-94.95163735,0,0,0.0,39.25457612,-76.67792465,1782.3944567970268,0.0
G8626,13:56.4,38.537503979699956,-114.90130561199983,0,0,0.0,0.0,0.0,0.0,0.0
G8626,53:11.2,40.8839386,-115.4179791,0,0,0.0,42.04326553,-88.18622045,2269.048965568487,0.0
G8635,41:49.3,38.537503979699956,-114.90130561199983,0,0,0.0,0.0,0.0,0.0,0.0
G8635,03:19.2,40.2342997,-118.5272458,0,0,0.0,41.61575583,-91.42630342,2278.47583611242,0.0
G8803,40:45.8,38.537503979699956,-114.90130561199983,0,0,0.0,0.0,0.0,0.0,0.0
G91024,15:59.6,38.537503979699956,-114.90130561199983,0,0,0.0,0.0,0.0,0.0,0.0
G91024,52:59.6,46.93143694,-113.530668,0,0,0.0,41.39377293,-79.14863573,2794.211021989293,0.0
G91672,02:30.5,38.537503979699956,-114.90130561199983,0,0,0.0,0.0,0.0,0.0,0.0
H01026,43:12.5,38.537503979699956,-114.90130561199983,0,0,0.0,0.0,0.0,0.0,0.0
H01026,25:41.9,46.58674064,-113.6246156,0,0,0.0,41.41236675,-80.42310381,2703.117039558771,0.0
H01545,09:36.5,38.537503979699956,-114.90130561199983,0,0,0.0,0.0,0.0,0.0,0.0
H11043,42:58.1,38.537503979699956,-114.90130561199983,0,0,0.0,0.0,0.0,0.0,0.0
H11043,41:51.1,47.41360597,-116.7391416,0,0,0.0,41.82988445,-86.68819866,2447.537093183322,0.0
H11362,20:23.9,38.537503979699956,-114.90130561199983,0,0,0.0,0.0,0.0,0.0,0.0
H11362,47:22.9,37.27357787,-88.78178248,0,0,0.0,45.75099458,-118.3469032,2623.106879656322,0.0
H11669,21:28.4,38.537503979699956,-114.90130561199983,0,0,0.0,0.0,0.0,0.0,0.0
H2687,32:29.4,38.537503979699956,-114.90130561199983,0,0,0.0,0.0,0.0,0.0,0.0
H31228,15:03.7,38.537503979699956,-114.90130561199983,0,0,0.0,0.0,0.0,0.0,0.0
H31542,26:34.7,38.537503979699956,-114.90130561199983,0,0,0.0,0.0,0.0,0.0,0.0
H3801,20:34.0,38.537503979699956,-114.90130561199983,0,0,0.0,0.0,0.0,0.0,0.0
H41064,53:33.1,38.537503979699956,-114.90130561199983,0,0,0.0,0.0,0.0,0.0,0.0
H51390,11:59.5,38.537503979699956,-114.90130561199983,0,0,0.0,0.0,0.0,0.0,0.0
H51505,28:47.1,38.537503979699956,-114.90130561199983,0,0,0.0,0.0,0.0,0.0,0.0
H51505,00:37.1,45.71209914,-118.4918134,0,0,0.0,34.93312591,-85.22213604,3042.6427003680365,0.0
H61047,10:11.0,38.537503979699956,-114.90130561199983,0,0,0.0,0.0,0.0,0.0,0.0
H61047,19:58.1,47.33465862,-117.9742359,0,0,0.0,41.49912274,-87.32232749,2507.9078614929317,0.0
H61063,42:39.0,38.537503979699956,-114.90130561199983,0,0,0.0,0.0,0.0,0.0,0.0
H61364,40:47.8,38.537503979699956,-114.90130561199983,0,0,0.0,0.0,0.0,0.0,0.0
H61364,17:58.8,37.14904863,-88.66683114,0,0,0.0,45.21630296,-118.4501934,2636.555495494581,0.0
H71550,01:41.4,38.537503979699956,-114.90130561199983,0,0,0.0,0.0,0.0,0.0,0.0
H7625,03:22.7,38.537503979699956,-114.90130561199983,0,0,0.0,0.0,0.0,0.0,0.0
H7625,32:03.6,40.88179599,-114.4562556,0,0,0.0,41.70198369,-88.17350975,2194.8513061093045,0.0
H91405,39:35.3,38.537503979699956,-114.90130561199983,0,0,0.0,0.0,0.0,0.0,0.0
H9296,23:19.5,38.537503979699956,-114.90130561199983,0,0,0.0,0.0,0.0,0.0,0.0
I11054,37:19.1,38.537503979699956,-114.90130561199983,0,0,0.0,0.0,0.0,0.0,0.0
I21001,32:42.3,38.537503979699956,-114.90130561199983,0,0,0.0,0.0,0.0,0.0,0.0
I21001,26:01.1,44.47968004,-103.8145049,0,0,0.0,40.5765736,-74.30772215,2448.963962070324,0.0
I21539,44:41.2,38.537503979699956,-114.90130561199983,0,0,0.0,0.0,0.0,0.0,0.0
I2783,36:04.5,38.537503979699956,-114.90130561199983,0,0,0.0,0.0,0.0,0.0,0.0
I2783,45:27.1,37.94328411,-114.790065,0,0,0.0,47.64335168,-121.355172,1202.9281831863232,0.0
I2930,58:08.4,38.537503979699956,-114.90130561199983,0,0,0.0,0.0,0.0,0.0,0.0
I31041,21:09.9,38.537503979699956,-114.90130561199983,0,0,0.0,0.0,0.0,0.0,0.0
I31041,25:32.3,47.26319518,-115.9866885,0,0,0.0,41.59106718,-86.29231584,2430.7601236648206,0.0
I31075,37:00.0,38.537503979699956,-114.90130561199983,0,0,0.0,0.0,0.0,0.0,0.0
I31245,17:58.5,38.537503979699956,-114.90130561199983,0,0,0.0,0.0,0.0,0.0,0.0
I3797,19:58.9,38.537503979699956,-114.90130561199983,0,0,0.0,0.0,0.0,0.0,0.0
I4280,41:51.5,38.537503979699956,-114.90130561199983,0,0,0.0,0.0,0.0,0.0,0.0
I51209,20:33.3,38.537503979699956,-114.90130561199983,0,0,0.0,0.0,0.0,0.0,0.0
I51631,51:02.1,38.537503979699956,-114.90130561199983,0,0,0.0,0.0,0.0,0.0,0.0
I51631,04:40.1,34.60750758,-92.78295572,0,0,0.0,39.68998387,-75.18844637,1658.2859462597169,0.0
I71039,48:27.6,38.537503979699956,-114.90130561199983,0,0,0.0,0.0,0.0,0.0,0.0
I71039,41:55.9,47.68819304,-115.6638216,0,0,0.0,41.66298176,-85.90618287,2435.7583668832594,0.0
I71246,28:02.6,38.537503979699956,-114.90130561199983,0,0,0.0,0.0,0.0,0.0,0.0
I7257,58:35.2,38.537503979699956,-114.90130561199983,0,0,0.0,0.0,0.0,0.0,0.0
I7257,43:25.7,29.77715177,-98.49327998,0,0,0.0,32.94409593,-116.3884891,1736.1363797878803,0.0
I81363,30:35.8,38.537503979699956,-114.90130561199983,0,0,0.0,0.0,0.0,0.0,0.0
I81363,57:34.8,37.45618772,-88.9850178,0,0,0.0,45.52458188,-118.3151807,2590.5176012569523,0.0
I81643,07:30.2,38.537503979699956,-114.90130561199983,0,0,0.0,0.0,0.0,0.0,0.0
I81643,10:52.6,32.43465152,-96.87805528,0,0,0.0,39.3683688,-77.40764348,1913.4807115189685,0.0
I91526,58:15.0,38.537503979699956,-114.90130561199983,0,0,0.0,0.0,0.0,0.0,0.0
J01251,19:13.4,38.537503979699956,-114.90130561199983,0,0,0.0,0.0,0.0,0.0,0.0
J01261,12:03.9,38.537503979699956,-114.90130561199983,0,0,0.0,0.0,0.0,0.0,0.0
J0292,16:53.1,38.537503979699956,-114.90130561199983,0,0,0.0,0.0,0.0,0.0,0.0
J0673,36:43.6,38.537503979699956,-114.90130561199983,0,0,0.0,0.0,0.0,0.0,0.0
J11227,14:38.8,38.537503979699956,-114.90130561199983,0,0,0.0,0.0,0.0,0.0,0.0
J1633,10:08.0,38.537503979699956,-114.90130561199983,0,0,0.0,0.0,0.0,0.0,0.0
J1633,42:11.7,40.70843046,-118.1647243,0,0,0.0,41.43467184,-90.40836176,2324.1412885393347,0.0
J1681,46:51.6,38.537503979699956,-114.90130561199983,0,0,0.0,0.0,0.0,0.0,0.0
J21004,16:18.8,38.537503979699956,-114.90130561199983,0,0,0.0,0.0,0.0,0.0,0.0
J21004,42:19.8,45.41594529,-106.4238166,0,0,0.0,40.85631937,-73.97172773,2669.523174870086,0.0
J21062,20:50.8,38.537503979699956,-114.90130561199983,0,0,0.0,0.0,0.0,0.0,0.0
J21650,10:36.4,38.537503979699956,-114.90130561199983,0,0,0.0,0.0,0.0,0.0,0.0
J21650,13:58.9,30.94916933,-97.14582529,0,0,0.0,39.04011489,-78.36020855,1930.328991289447,0.0
J2251,41:04.4,38.537503979699956,-114.90130561199983,0,0,0.0,0.0,0.0,0.0,0.0
J2251,03:46.1,30.42161321,-99.49558835,0,0,0.0,32.49520714,-117.3656593,1711.8738840892258,0.0
J2644,30:49.8,38.537503979699956,-114.90130561199983,0,0,0.0,0.0,0.0,0.0,0.0
J2644,10:04.6,39.38451772,-119.411896,0,0,0.0,41.62884813,-94.59130666,2111.0986413191304,0.0
J2928,12:13.4,38.537503979699956,-114.90130561199983,0,0,0.0,0.0,0.0,0.0,0.0
J3297,34:23.8,38.537503979699956,-114.90130561199983,0,0,0.0,0.0,0.0,0.0,0.0
J3688,53:37.0,38.537503979699956,-114.90130561199983,0,0,0.0,0.0,0.0,0.0,0.0
J3796,29:29.6,38.537503979699956,-114.90130561199983,0,0,0.0,0.0,0.0,0.0,0.0
J41263,02:24.7,38.537503979699956,-114.90130561199983,0,0,0.0,0.0,0.0,0.0,0.0
J41667,30:10.8,38.537503979699956,-114.90130561199983,0,0,0.0,0.0,0.0,0.0,0.0
J4271,28:58.7,38.537503979699956,-114.90130561199983,0,0,0.0,0.0,0.0,0.0,0.0
J4271,02:44.9,29.77430646,-95.48400644,0,0,0.0,32.8470065,-113.3913006,1736.0903564270582,0.0
J4308,47:16.6,38.537503979699956,-114.90130561199983,0,0,0.0,0.0,0.0,0.0,0.0
J4682,57:25.4,38.537503979699956,-114.90130561199983,0,0,0.0,0.0,0.0,0.0,0.0
J51519,54:50.6,38.537503979699956,-114.90130561199983,0,0,0.0,0.0,0.0,0.0,0.0
J51538,03:55.7,38.537503979699956,-114.90130561199983,0,0,0.0,0.0,0.0,0.0,0.0
J51635,52:35.2,38.537503979699956,-114.90130561199983,0,0,0.0,0.0,0.0,0.0,0.0
J51635,06:13.2,33.37434404,-94.00330916,0,0,0.0,39.61828159,-75.5695779,1786.692142783493,0.0
J51688,08:43.1,38.537503979699956,-114.90130561199983,0,0,0.0,0.0,0.0,0.0,0.0
J61073,42:29.4,38.537503979699956,-114.90130561199983,0,0,0.0,0.0,0.0,0.0,0.0
J61531,00:31.3,38.537503979699956,-114.90130561199983,0,0,0.0,0.0,0.0,0.0,0.0
J61692,11:49.3,38.537503979699956,-114.90130561199983,0,0,0.0,0.0,0.0,0.0,0.0
J6802,30:39.9,38.537503979699956,-114.90130561199983,0,0,0.0,0.0,0.0,0.0,0.0
J71377,07:11.7,38.537503979699956,-114.90130561199983,0,0,0.0,0.0,0.0,0.0,0.0
J71377,43:10.7,35.41289995,-86.1062447,0,0,0.0,42.6350177,-114.3062153,2556.282907593636,0.0
J71394,13:11.5,38.537503979699956,-114.90130561199983,0,0,0.0,0.0,0.0,0.0,0.0
J71564,58:18.9,38.537503979699956,-114.90130561199983,0,0,0.0,0.0,0.0,0.0,0.0
J71638,14:39.4,38.537503979699956,-114.90130561199983,0,0,0.0,0.0,0.0,0.0,0.0
J71638,36:59.8,33.20120032,-94.72346266,0,0,0.0,39.61071982,-76.33930934,1791.5011580347016,0.0
J81231,55:45.3,38.537503979699956,-114.90130561199983,0,0,0.0,0.0,0.0,0.0,0.0
J8664,26:35.6,38.537503979699956,-114.90130561199983,0,0,0.0,0.0,0.0,0.0,0.0
J8664,19:46.8,39.11811894,-121.070997,0,0,0.0,40.71701139,-99.33935133,1861.653541895706,0.0
J9293,39:01.9,38.537503979699956,-114.90130561199983,0,0,0.0,0.0,0.0,0.0,0.0
J9662,54:54.3,38.537503979699956,-114.90130561199983,0,0,0.0,0.0,0.0,0.0,0.0
J9662,05:50.4,39.44671187,-120.777877,0,0,0.0,40.47919523,-98.58942824,1894.2462183590433,0.0
J9671,43:54.7,38.537503979699956,-114.90130561199983,0,0,0.0,0.0,0.0,0.0,0.0
K01507,59:21.2,38.537503979699956,-114.90130561199983,0,0,0.0,0.0,0.0,0.0,0.0
K01507,11:56.6,45.73436555,-120.0631422,0,0,0.0,34.78923998,-85.47817455,3152.4267063207103,0.0
K0287,10:26.7,38.537503979699956,-114.90130561199983,0,0,0.0,0.0,0.0,0.0,0.0
K11413,25:11.2,38.537503979699956,-114.90130561199983,0,0,0.0,0.0,0.0,0.0,0.0
K11574,24:22.3,38.537503979699956,-114.90130561199983,0,0,0.0,0.0,0.0,0.0,0.0
K1282,04:00.3,38.537503979699956,-114.90130561199983,0,0,0.0,0.0,0.0,0.0,0.0
K21027,54:06.6,38.537503979699956,-114.90130561199983,0,0,0.0,0.0,0.0,0.0,0.0
K21027,36:36.0,46.87084731,-113.7655457,0,0,0.0,41.05480486,-80.54407679,2721.419681071949,0.0
K21034,37:38.3,38.537503979699956,-114.90130561199983,0,0,0.0,0.0,0.0,0.0,0.0
K21034,14:43.0,47.1802999,-115.2944678,0,0,0.0,41.47667161,-83.55324243,2590.3876718168976,0.0
K2788,06:57.2,38.537503979699956,-114.90130561199983,0,0,0.0,0.0,0.0,0.0,0.0
K2788,16:19.8,36.98710345,-115.1473434,0,0,0.0,46.90100108,-120.6893357,1192.4215725012227,0.0
K31020,59:40.8,38.537503979699956,-114.90130561199983,0,0,0.0,0.0,0.0,0.0,0.0
K31020,36:40.8,46.13679805,-112.7487488,0,0,0.0,40.87428614,-78.66358718,2795.077037401285,0.0
K31522,46:55.5,38.537503979699956,-114.90130561199983,0,0,0.0,0.0,0.0,0.0,0.0
K3265,22:32.3,38.537503979699956,-114.90130561199983,0,0,0.0,0.0,0.0,0.0,0.0
K3265,34:09.7,29.50455465,-97.22237316,0,0,0.0,32.77455808,-114.4200842,1677.5784365129907,0.0
K3268,55:45.5,38.537503979699956,-114.90130561199983,0,0,0.0,0.0,0.0,0.0,0.0
K3268,07:22.9,29.74148924,-96.10026213,0,0,0.0,32.65677888,-114.3639676,1768.036060018495,0.0
K3274,02:11.9,38.537503979699956,-114.90130561199983,0,0,0.0,0.0,0.0,0.0,0.0
K3800,10:28.2,38.537503979699956,-114.90130561199983,0,0,0.0,0.0,0.0,0.0,0.0
K41556,14:09.0,38.537503979699956,-114.90130561199983,0,0,0.0,0.0,0.0,0.0,0.0
K4882,37:11.4,38.537503979699956,-114.90130561199983,0,0,0.0,0.0,0.0,0.0,0.0
K4882,08:05.0,39.39824178,-102.2919577,0,0,0.0,34.86179406,-85.23200706,1594.3874484906203,0.0
K71511,31:03.4,38.537503979699956,-114.90130561199983,0,0,0.0,0.0,0.0,0.0,0.0
K71511,14:12.9,45.61647909,-122.0195475,0,0,0.0,35.91140685,-86.92912301,3122.9970319912713,0.0
K7881,25:42.6,38.537503979699956,-114.90130561199983,0,0,0.0,0.0,0.0,0.0,0.0
K7881,56:36.2,39.33356084,-102.2639783,0,0,0.0,35.06474285,-84.97056281,1603.7509333998648,0.0
K81656,03:27.2,38.537503979699956,-114.90130561199983,0,0,0.0,0.0,0.0,0.0,0.0
K91360,19:11.9,38.537503979699956,-114.90130561199983,0,0,0.0,0.0,0.0,0.0,0.0
K91360,56:22.9,38.10853921,-88.71637579,0,0,0.0,45.59777034,-119.7698566,2689.9884797204563,0.0
K91412,54:35.2,38.537503979699956,-114.90130561199983,0,0,0.0,0.0,0.0,0.0,0.0
K9326,50:53.4,38.537503979699956,-114.90130561199983,0,0,0.0,0.0,0.0,0.0,0.0
L0690,14:44.5,38.537503979699956,-114.90130561199983,0,0,0.0,0.0,0.0,0.0,0.0
L0785,16:27.9,38.537503979699956,-114.90130561199983,0,0,0.0,0.0,0.0,0.0,0.0
L0785,25:50.5,37.62492962,-115.4399612,0,0,0.0,47.19041724,-121.1009764,1159.450229337664,0.0
L0899,35:39.2,38.537503979699956,-114.90130561199983,0,0,0.0,0.0,0.0,0.0,0.0
L11665,38:53.2,38.537503979699956,-114.90130561199983,0,0,0.0,0.0,0.0,0.0,0.0
L21555,53:46.3,38.537503979699956,-114.90130561199983,0,0,0.0,0.0,0.0,0.0,0.0
L2643,48:34.7,38.537503979699956,-114.90130561199983,0,0,0.0,0.0,0.0,0.0,0.0
L2643,48:57.0,39.82924153,-119.680667,0,0,0.0,41.82991224,-93.66405722,2197.2923946965075,0.0
L31532,20:54.0,38.537503979699956,-114.90130561199983,0,0,0.0,0.0,0.0,0.0,0.0
L3792,58:01.7,38.537503979699956,-114.90130561199983,0,0,0.0,0.0,0.0,0.0,0.0
L41242,27:12.7,38.537503979699956,-114.90130561199983,0,0,0.0,0.0,0.0,0.0,0.0
L41647,39:49.9,38.537503979699956,-114.90130561199983,0,0,0.0,0.0,0.0,0.0,0.0
L41647,32:56.8,31.8276105,-97.33129988,0,0,0.0,38.87457807,-78.2283738,1899.3037016756593,0.0
L41666,19:55.3,38.537503979699956,-114.90130561199983,0,0,0.0,0.0,0.0,0.0,0.0
L61012,59:45.6,38.537503979699956,-114.90130561199983,0,0,0.0,0.0,0.0,0.0,0.0
L61012,14:57.4,45.64401356,-109.5398257,0,0,0.0,40.8034104,-76.79088683,2694.7163424490277,0.0
L7896,01:12.9,38.537503979699956,-114.90130561199983,0,0,0.0,0.0,0.0,0.0,0.0
L8309,58:21.0,38.537503979699956,-114.90130561199983,0,0,0.0,0.0,0.0,0.0,0.0
L8886,57:32.7,38.537503979699956,-114.90130561199983,0,0,0.0,0.0,0.0,0.0,0.0
L8886,02:52.6,39.51298407,-104.8942257,0,0,0.0,35.27396972,-85.90471931,1742.3410503634325,0.0
L91046,59:16.9,38.537503979699956,-114.90130561199983,0,0,0.0,0.0,0.0,0.0,0.0
L91046,47:15.8,47.72511735,-117.1204749,0,0,0.0,41.61425527,-87.34015389,2440.2002090294227,0.0
L9665,37:09.4,38.537503979699956,-114.90130561199983,0,0,0.0,0.0,0.0,0.0,0.0
L9665,40:54.4,38.74879177,-121.5590885,0,0,0.0,40.73443876,-99.84158965,1869.6777147853998,0.0
M01398,35:59.4,38.537503979699956,-114.90130561199983,0,0,0.0,0.0,0.0,0.0,0.0
M01551,11:52.8,38.537503979699956,-114.90130561199983,0,0,0.0,0.0,0.0,0.0,0.0
M01553,42:26.8,38.537503979699956,-114.90130561199983,0,0,0.0,0.0,0.0,0.0,0.0
M11008,05:19.9,38.537503979699956,-114.90130561199983,0,0,0.0,0.0,0.0,0.0,0.0
M11008,36:50.4,45.38255273,-106.9822894,0,0,0.0,40.92279424,-74.95014898,2633.955286936139,0.0
M1290,43:39.9,38.537503979699956,-114.90130561199983,0,0,0.0,0.0,0.0,0.0,0.0
M1320,11:13.8,38.537503979699956,-114.90130561199983,0,0,0.0,0.0,0.0,0.0,0.0
M1920,31:30.7,38.537503979699956,-114.90130561199983,0,0,0.0,0.0,0.0,0.0,0.0
M21577,25:30.5,38.537503979699956,-114.90130561199983,0,0,0.0,0.0,0.0,0.0,0.0
M31042,32:04.0,38.537503979699956,-114.90130561199983,0,0,0.0,0.0,0.0,0.0,0.0
M31042,20:02.9,47.70442662,-116.7233111,0,0,0.0,41.8108189,-86.50248784,2463.3837819967134,0.0
M31235,36:02.0,38.537503979699956,-114.90130561199983,0,0,0.0,0.0,0.0,0.0,0.0
M31237,16:18.6,38.537503979699956,-114.90130561199983,0,0,0.0,0.0,0.0,0.0,0.0
M31386,31:11.6,38.537503979699956,-114.90130561199983,0,0,0.0,0.0,0.0,0.0,0.0
M31386,17:22.6,34.29181351,-84.66352104,0,0,0.0,41.06402233,-111.7228478,2490.859963200663,0.0
M3672,15:36.1,38.537503979699956,-114.90130561199983,0,0,0.0,0.0,0.0,0.0,0.0
M3897,12:41.7,38.537503979699956,-114.90130561199983,0,0,0.0,0.0,0.0,0.0,0.0
M41220,03:19.7,38.537503979699956,-114.90130561199983,0,0,0.0,0.0,0.0,0.0,0.0
M41517,02:45.7,38.537503979699956,-114.90130561199983,0,0,0.0,0.0,0.0,0.0,0.0
M4695,49:48.5,38.537503979699956,-114.90130561199983,0,0,0.0,0.0,0.0,0.0,0.0
M51239,16:43.6,38.537503979699956,-114.90130561199983,0,0,0.0,0.0,0.0,0.0,0.0
M51529,29:57.2,38.537503979699956,-114.90130561199983,0,0,0.0,0.0,0.0,0.0,0.0
M5660,23:12.9,38.537503979699956,-114.90130561199983,0,0,0.0,0.0,0.0,0.0,0.0
M5660,34:09.0,39.52691482,-120.8648784,0,0,0.0,40.58204228,-98.12215057,1938.6818224686428,0.0
M61385,10:47.6,38.537503979699956,-114.90130561199983,0,0,0.0,0.0,0.0,0.0,0.0
M61385,46:46.6,34.00622205,-84.83199629,0,0,0.0,41.08668997,-111.7450981,2492.973893322444,0.0
M6276,35:25.1,38.537503979699956,-114.90130561199983,0,0,0.0,0.0,0.0,0.0,0.0
M6669,51:05.8,38.537503979699956,-114.90130561199983,0,0,0.0,0.0,0.0,0.0,0.0
M6686,11:21.9,38.537503979699956,-114.90130561199983,0,0,0.0,0.0,0.0,0.0,0.0
M6820,53:47.4,38.537503979699956,-114.90130561199983,0,0,0.0,0.0,0.0,0.0,0.0
M7782,25:58.6,38.537503979699956,-114.90130561199983,0,0,0.0,0.0,0.0,0.0,0.0
M7782,35:21.2,37.81964697,-115.0442544,0,0,0.0,47.38684161,-121.687217,1193.343896214627,0.0
M81563,17:33.5,38.537503979699956,-114.90130561199983,0,0,0.0,0.0,0.0,0.0,0.0
M91236,46:06.1,38.537503979699956,-114.90130561199983,0,0,0.0,0.0,0.0,0.0,0.0
M91570,32:17.4,38.537503979699956,-114.90130561199983,0,0,0.0,0.0,0.0,0.0,0.0
M9916,45:35.7,38.537503979699956,-114.90130561199983,0,0,0.0,0.0,0.0,0.0,0.0
N01247,18:23.4,38.537503979699956,-114.90130561199983,0,0,0.0,0.0,0.0,0.0,0.0
N11361,10:11.9,38.537503979699956,-114.90130561199983,0,0,0.0,0.0,0.0,0.0,0.0
N11361,06:34.9,37.97421715,-88.93021169,0,0,0.0,45.73679536,-118.4064654,2577.5175163728686,0.0
N11375,46:47.7,38.537503979699956,-114.90130561199983,0,0,0.0,0.0,0.0,0.0,0.0
N11375,12:34.7,36.17665896,-86.68434614,0,0,0.0,42.49147631,-114.7865031,2509.220042595141,0.0
N11378,17:23.7,38.537503979699956,-114.90130561199983,0,0,0.0,0.0,0.0,0.0,0.0
N11378,13:46.7,35.08735063,-85.53716854,0,0,0.0,42.42461681,-113.9171785,2583.627184100806,0.0
N31033,26:44.2,38.537503979699956,-114.90130561199983,0,0,0.0,0.0,0.0,0.0,0.0
N31033,03:48.9,47.43822046,-115.091282,0,0,0.0,41.48903451,-82.97827087,2619.1794993407184,0.0
N31562,57:10.8,38.537503979699956,-114.90130561199983,0,0,0.0,0.0,0.0,0.0,0.0
N41005,49:01.1,38.537503979699956,-114.90130561199983,0,0,0.0,0.0,0.0,0.0,0.0
N41005,04:08.0,45.67988857,-106.5549325,0,0,0.0,40.7620188,-74.19943133,2665.8172000604222,0.0
N41575,34:33.7,38.537503979699956,-114.90130561199983,0,0,0.0,0.0,0.0,0.0,0.0
N4678,40:06.3,38.537503979699956,-114.90130561199983,0,0,0.0,0.0,0.0,0.0,0.0
N4915,34:06.9,38.537503979699956,-114.90130561199983,0,0,0.0,0.0,0.0,0.0,0.0
N51354,06:36.0,38.537503979699956,-114.90130561199983,0,0,0.0,0.0,0.0,0.0,0.0
N51354,13:11.0,38.89164729,-90.35477311,0,0,0.0,45.46579739,-121.8333562,2682.0869588726046,0.0
N61030,37:43.0,38.537503979699956,-114.90130561199983,0,0,0.0,0.0,0.0,0.0,0.0
N61030,20:12.5,46.93231254,-114.8954079,0,0,0.0,41.28026913,-81.3148768,2738.411942593769,0.0
N61568,51:32.0,38.537503979699956,-114.90130561199983,0,0,0.0,0.0,0.0,0.0,0.0
N6263,49:19.2,38.537503979699956,-114.90130561199983,0,0,0.0,0.0,0.0,0.0,0.0
N6263,12:00.9,29.66193677,-97.86007381,0,0,0.0,32.61773681,-115.4030125,1702.662301389915,0.0
N6273,51:07.5,38.537503979699956,-114.90130561199983,0,0,0.0,0.0,0.0,0.0,0.0
N6273,24:53.7,29.5946525,-95.2558857,0,0,0.0,33.08702566,-112.5324458,1686.895696346607,0.0
N6327,01:57.8,38.537503979699956,-114.90130561199983,0,0,0.0,0.0,0.0,0.0,0.0
N6909,53:24.3,38.537503979699956,-114.90130561199983,0,0,0.0,0.0,0.0,0.0,0.0
N6933,32:34.7,38.537503979699956,-114.90130561199983,0,0,0.0,0.0,0.0,0.0,0.0
N71017,16:04.4,38.537503979699956,-114.90130561199983,0,0,0.0,0.0,0.0,0.0,0.0
N71017,53:04.4,46.06357209,-111.5441616,0,0,0.0,41.09129445,-77.74071533,2763.853645120875,0.0
N71035,48:32.4,38.537503979699956,-114.90130561199983,0,0,0.0,0.0,0.0,0.0,0.0
N71035,25:37.1,47.5831742,-115.5574684,0,0,0.0,41.43515668,-83.55800294,2614.081862962808,0.0
N7303,40:50.2,38.537503979699956,-114.90130561199983,0,0,0.0,0.0,0.0,0.0,0.0
N81559,25:28.5,38.537503979699956,-114.90130561199983,0,0,0.0,0.0,0.0,0.0,0.0
N8256,47:30.8,38.537503979699956,-114.90130561199983,0,0,0.0,0.0,0.0,0.0,0.0
N8256,32:21.3,29.72279154,-98.8828051,0,0,0.0,32.77587049,-116.5351439,1713.0283644914507,0.0
N91527,28:49.1,38.537503979699956,-114.90130561199983,0,0,0.0,0.0,0.0,0.0,0.0
N9689,04:10.7,38.537503979699956,-114.90130561199983,0,0,0.0,0.0,0.0,0.0,0.0
O01208,40:16.6,38.537503979699956,-114.90130561199983,0,0,0.0,0.0,0.0,0.0,0.0
O01662,56:18.0,38.537503979699956,-114.90130561199983,0,0,0.0,0.0,0.0,0.0,0.0
O0677,29:32.5,38.537503979699956,-114.90130561199983,0,0,0.0,0.0,0.0,0.0,0.0
O11404,19:11.3,38.537503979699956,-114.90130561199983,0,0,0.0,0.0,0.0,0.0,0.0
O11673,23:01.6,38.537503979699956,-114.90130561199983,0,0,0.0,0.0,0.0,0.0,0.0
O2645,51:57.4,38.537503979699956,-114.90130561199983,0,0,0.0,0.0,0.0,0.0,0.0
O2645,20:38.3,39.7230235,-119.364665,0,0,0.0,41.50889294,-95.24668023,2043.835899338956,0.0
O2925,26:18.3,38.537503979699956,-114.90130561199983,0,0,0.0,0.0,0.0,0.0,0.0
O3311,20:29.8,38.537503979699956,-114.90130561199983,0,0,0.0,0.0,0.0,0.0,0.0
O3316,15:51.8,38.537503979699956,-114.90130561199983,0,0,0.0,0.0,0.0,0.0,0.0
O41387,41:23.6,38.537503979699956,-114.90130561199983,0,0,0.0,0.0,0.0,0.0,0.0
O4305,02:59.0,38.537503979699956,-114.90130561199983,0,0,0.0,0.0,0.0,0.0,0.0
O5931,09:37.2,38.537503979699956,-114.90130561199983,0,0,0.0,0.0,0.0,0.0,0.0
O61367,02:23.8,38.537503979699956,-114.90130561199983,0,0,0.0,0.0,0.0,0.0,0.0
O61367,19:10.8,37.19214789,-88.32326904,0,0,0.0,44.43280246,-117.3276916,2560.118375159189,0.0
O61410,22:47.2,38.537503979699956,-114.90130561199983,0,0,0.0,0.0,0.0,0.0,0.0
O61508,19:43.9,38.537503979699956,-114.90130561199983,0,0,0.0,0.0,0.0,0.0,0.0
O61508,02:53.4,45.73238271,-121.4141809,0,0,0.0,35.3688922,-86.03012086,3179.0210053386654,0.0
O6922,54:28.3,38.537503979699956,-114.90130561199983,0,0,0.0,0.0,0.0,0.0,0.0
O71068,20:46.0,38.537503979699956,-114.90130561199983,0,0,0.0,0.0,0.0,0.0,0.0
O7924,40:23.3,38.537503979699956,-114.90130561199983,0,0,0.0,0.0,0.0,0.0,0.0
O81695,33:53.5,38.537503979699956,-114.90130561199983,0,0,0.0,0.0,0.0,0.0,0.0
O91238,46:31.1,38.537503979699956,-114.90130561199983,0,0,0.0,0.0,0.0,0.0,0.0
O91663,37:20.0,38.537503979699956,-114.90130561199983,0,0,0.0,0.0,0.0,0.0,0.0
O9279,30:47.1,38.537503979699956,-114.90130561199983,0,0,0.0,0.0,0.0,0.0,0.0
O9286,59:22.3,38.537503979699956,-114.90130561199983,0,0,0.0,0.0,0.0,0.0,0.0
O9301,18:41.4,38.537503979699956,-114.90130561199983,0,0,0.0,0.0,0.0,0.0,0.0
O9668,40:32.1,38.537503979699956,-114.90130561199983,0,0,0.0,0.0,0.0,0.0,0.0
P01518,23:08.4,38.537503979699956,-114.90130561199983,0,0,0.0,0.0,0.0,0.0,0.0
P0261,53:57.2,38.537503979699956,-114.90130561199983,0,0,0.0,0.0,0.0,0.0,0.0
P0261,38:47.7,29.47063143,-98.27857845,0,0,0.0,32.56591239,-116.2457177,1747.326103187338,0.0
P0270,17:54.3,38.537503979699956,-114.90130561199983,0,0,0.0,0.0,0.0,0.0,0.0
P0270,29:31.7,29.59350884,-95.68155957,0,0,0.0,32.93397371,-113.6767578,1751.0637981234024,0.0
P0934,44:03.5,38.537503979699956,-114.90130561199983,0,0,0.0,0.0,0.0,0.0,0.0
P11207,30:12.5,38.537503979699956,-114.90130561199983,0,0,0.0,0.0,0.0,0.0,0.0
P11420,08:23.1,38.537503979699956,-114.90130561199983,0,0,0.0,0.0,0.0,0.0,0.0
P11513,01:37.5,38.537503979699956,-114.90130561199983,0,0,0.0,0.0,0.0,0.0,0.0
P11513,45:55.1,45.65655269,-122.5627399,0,0,0.0,36.34727481,-87.08148538,3129.0602576143806,0.0
P1278,57:33.9,38.537503979699956,-114.90130561199983,0,0,0.0,0.0,0.0,0.0,0.0
P1329,46:15.4,38.537503979699956,-114.90130561199983,0,0,0.0,0.0,0.0,0.0,0.0
P21011,54:21.0,38.537503979699956,-114.90130561199983,0,0,0.0,0.0,0.0,0.0,0.0
P21011,04:03.3,45.80366931,-109.2958694,0,0,0.0,41.26860852,-75.70087176,2740.7403576241923,0.0
P21381,38:59.6,38.537503979699956,-114.90130561199983,0,0,0.0,0.0,0.0,0.0,0.0
P21381,35:22.6,35.10766463,-85.01230315,0,0,0.0,42.00690485,-112.6972762,2518.8660085658216,0.0
P21416,05:59.2,38.537503979699956,-114.90130561199983,0,0,0.0,0.0,0.0,0.0,0.0
P31250,38:56.7,38.537503979699956,-114.90130561199983,0,0,0.0,0.0,0.0,0.0,0.0
P31634,32:04.2,38.537503979699956,-114.90130561199983,0,0,0.0,0.0,0.0,0.0,0.0
P31634,35:26.7,33.72549992,-93.29094159,0,0,0.0,39.86015199,-75.4262416,1729.69984094465,0.0
P3794,48:31.0,38.537503979699956,-114.90130561199983,0,0,0.0,0.0,0.0,0.0,0.0
P3889,17:54.0,38.537503979699956,-114.90130561199983,0,0,0.0,0.0,0.0,0.0,0.0
P3889,37:18.8,39.80044639,-104.8281543,0,0,0.0,36.32720151,-87.08722097,1600.933973366568,0.0
P4640,55:45.8,38.537503979699956,-114.90130561199983,0,0,0.0,0.0,0.0,0.0,0.0
P4640,17:15.7,39.47995785,-119.216372,0,0,0.0,41.71554646,-92.40343422,2273.827525010592,0.0
P51210,30:37.4,38.537503979699956,-114.90130561199983,0,0,0.0,0.0,0.0,0.0,0.0
P5890,29:22.8,38.537503979699956,-114.90130561199983,0,0,0.0,0.0,0.0,0.0,0.0
P61649,00:20.9,38.537503979699956,-114.90130561199983,0,0,0.0,0.0,0.0,0.0,0.0
P61649,03:43.4,31.07423239,-97.37535243,0,0,0.0,38.76808831,-78.44104657,1924.0137590443198,0.0
P71244,57:50.1,38.537503979699956,-114.90130561199983,0,0,0.0,0.0,0.0,0.0,0.0
P7323,06:35.8,38.537503979699956,-114.90130561199983,0,0,0.0,0.0,0.0,0.0,0.0
P91219,33:07.2,38.537503979699956,-114.90130561199983,0,0,0.0,0.0,0.0,0.0,0.0
P91359,58:47.9,38.537503979699956,-114.90130561199983,0,0,0.0,0.0,0.0,0.0,0.0
P91359,46:10.9,38.21406074,-88.97910887,0,0,0.0,45.71797783,-120.8417104,2748.6786390348466,0.0
P91652,41:23.0,38.537503979699956,-114.90130561199983,0,0,0.0,0.0,0.0,0.0,0.0
P91652,44:45.5,30.74299798,-97.82163248,0,0,0.0,38.42542201,-78.8149385,1935.7382899186516,0.0
P91693,13:22.5,38.537503979699956,-114.90130561199983,0,0,0.0,0.0,0.0,0.0,0.0
P9661,44:20.5,38.537503979699956,-114.90130561199983,0,0,0.0,0.0,0.0,0.0,0.0
P9661,44:42.8,39.24986949,-120.5988317,0,0,0.0,40.89069218,-98.18682932,1915.2714253503145,0.0
P9791,27:44.1,38.537503979699956,-114.90130561199983,0,0,0.0,0.0,0.0,0.0,0.0
P9791,16:55.0,36.38215208,-114.9042443,0,0,0.0,46.0030957,-119.5884671,1137.9076915744806,0.0
P9935,55:32.2,38.537503979699956,-114.90130561199983,0,0,0.0,0.0,0.0,0.0,0.0
Q01040,59:21.7,38.537503979699956,-114.90130561199983,0,0,0.0,0.0,0.0,0.0,0.0
Q01040,14:38.2,47.59595525,-115.7174612,0,0,0.0,41.58276673,-86.02672793,2433.785805632057,0.0
Q0324,17:40.2,38.537503979699956,-114.90130561199983,0,0,0.0,0.0,0.0,0.0,0.0
Q0653,16:27.6,38.537503979699956,-114.90130561199983,0,0,0.0,0.0,0.0,0.0,0.0
Q0653,09:38.8,39.51775948,-120.4127425,0,0,0.0,41.34720923,-95.89438886,2083.352057952478,0.0
Q11002,43:36.4,38.537503979699956,-114.90130561199983,0,0,0.0,0.0,0.0,0.0,0.0
Q11002,36:55.2,44.80344798,-104.3351474,0,0,0.0,40.55157977,-74.20695895,2499.252307558725,0.0
Q1808,51:26.8,38.537503979699956,-114.90130561199983,0,0,0.0,0.0,0.0,0.0,0.0
Q21217,32:42.3,38.537503979699956,-114.90130561199983,0,0,0.0,0.0,0.0,0.0,0.0
Q2307,36:12.2,38.537503979699956,-114.90130561199983,0,0,0.0,0.0,0.0,0.0,0.0
Q2910,02:16.9,38.537503979699956,-114.90130561199983,0,0,0.0,0.0,0.0,0.0,0.0
Q31229,25:07.9,38.537503979699956,-114.90130561199983,0,0,0.0,0.0,0.0,0.0,0.0
Q3317,26:56.2,38.537503979699956,-114.90130561199983,0,0,0.0,0.0,0.0,0.0,0.0
Q41642,57:14.6,38.537503979699956,-114.90130561199983,0,0,0.0,0.0,0.0,0.0,0.0
Q41642,00:37.1,32.66474262,-96.93480838,0,0,0.0,39.28977417,-77.41143364,1903.0124455096236,0.0
Q4891,40:51.6,38.537503979699956,-114.90130561199983,0,0,0.0,0.0,0.0,0.0,0.0
Q51079,53:18.7,38.537503979699956,-114.90130561199983,0,0,0.0,0.0,0.0,0.0,0.0
Q51249,28:52.5,38.537503979699956,-114.90130561199983,0,0,0.0,0.0,0.0,0.0,0.0
Q51260,31:22.3,38.537503979699956,-114.90130561199983,0,0,0.0,0.0,0.0,0.0,0.0
Q51653,51:38.5,38.537503979699956,-114.90130561199983,0,0,0.0,0.0,0.0,0.0,0.0
Q51653,15:32.1,30.33018346,-97.79110651,0,0,0.0,38.51148518,-78.63107537,1975.8215020984803,0.0
Q61515,32:11.6,38.537503979699956,-114.90130561199983,0,0,0.0,0.0,0.0,0.0,0.0
Q61685,37:56.5,38.537503979699956,-114.90130561199983,0,0,0.0,0.0,0.0,0.0,0.0
Q71389,01:47.5,38.537503979699956,-114.90130561199983,0,0,0.0,0.0,0.0,0.0,0.0
Q81521,16:21.4,38.537503979699956,-114.90130561199983,0,0,0.0,0.0,0.0,0.0,0.0
Q8790,57:26.5,38.537503979699956,-114.90130561199983,0,0,0.0,0.0,0.0,0.0,0.0
Q8790,46:37.4,36.62508054,-114.9219706,0,0,0.0,46.57177193,-120.2208287,1189.0688229451864,0.0
Q8926,37:47.1,38.537503979699956,-114.90130561199983,0,0,0.0,0.0,0.0,0.0,0.0
Q91230,15:28.7,38.537503979699956,-114.90130561199983,0,0,0.0,0.0,0.0,0.0,0.0
R01221,23:28.0,38.537503979699956,-114.90130561199983,0,0,0.0,0.0,0.0,0.0,0.0
R11572,13:02.8,38.537503979699956,-114.90130561199983,0,0,0.0,0.0,0.0,0.0,0.0
R1321,22:18.2,38.537503979699956,-114.90130561199983,0,0,0.0,0.0,0.0,0.0,0.0
R1786,36:39.6,38.537503979699956,-114.90130561199983,0,0,0.0,0.0,0.0,0.0,0.0
R1786,46:02.2,37.26584236,-114.9581517,0,0,0.0,47.37538104,-120.9844169,1226.9820457854387,0.0
R1919,20:02.0,38.537503979699956,-114.90130561199983,0,0,0.0,0.0,0.0,0.0,0.0
R2650,44:46.3,38.537503979699956,-114.90130561199983,0,0,0.0,0.0,0.0,0.0,0.0
R2650,37:57.5,39.31841781,-120.093706,0,0,0.0,41.24413533,-95.88623081,2063.0058133033003,0.0
R2812,02:07.8,38.537503979699956,-114.90130561199983,0,0,0.0,0.0,0.0,0.0,0.0
R31213,51:10.7,38.537503979699956,-114.90130561199983,0,0,0.0,0.0,0.0,0.0,0.0
R3777,05:11.7,38.537503979699956,-114.90130561199983,0,0,0.0,0.0,0.0,0.0,0.0
R3777,44:16.7,39.03358749,-114.8978707,0,0,0.0,47.47528875,-122.316031,1113.4589907128036,0.0
R41007,21:43.4,38.537503979699956,-114.90130561199983,0,0,0.0,0.0,0.0,0.0,0.0
R41007,25:56.3,45.39574901,-106.86455,0,0,0.0,40.76132317,-74.44873139,2670.643280571794,0.0
R5804,50:51.6,38.537503979699956,-114.90130561199983,0,0,0.0,0.0,0.0,0.0,0.0
R5819,33:35.7,38.537503979699956,-114.90130561199983,0,0,0.0,0.0,0.0,0.0,0.0
R61533,32:13.5,38.537503979699956,-114.90130561199983,0,0,0.0,0.0,0.0,0.0,0.0
R6822,34:10.9,38.537503979699956,-114.90130561199983,0,0,0.0,0.0,0.0,0.0,0.0
R71233,15:53.6,38.537503979699956,-114.90130561199983,0,0,0.0,0.0,0.0,0.0,0.0
R81052,42:48.6,38.537503979699956,-114.90130561199983,0,0,0.0,0.0,0.0,0.0,0.0
R81212,41:06.6,38.537503979699956,-114.90130561199983,0,0,0.0,0.0,0.0,0.0,0.0
R81528,19:45.9,38.537503979699956,-114.90130561199983,0,0,0.0,0.0,0.0,0.0,0.0
R81640,16:12.6,38.537503979699956,-114.90130561199983,0,0,0.0,0.0,0.0,0.0,0.0
R81640,40:06.1,32.58736332,-96.92010188,0,0,0.0,39.33634271,-76.82511849,1955.8080602727412,0.0
R81671,41:59.5,38.537503979699956,-114.90130561199983,0,0,0.0,0.0,0.0,0.0,0.0
R81674,33:17.1,38.537503979699956,-114.90130561199983,0,0,0.0,0.0,0.0,0.0,0.0
R8304,51:54.6,38.537503979699956,-114.90130561199983,0,0,0.0,0.0,0.0,0.0,0.0
R9264,00:23.6,38.537503979699956,-114.90130561199983,0,0,0.0,0.0,0.0,0.0,0.0
R9264,23:05.3,29.56034939,-97.54904638,0,0,0.0,32.6556687,-114.6627766,1666.2660239640197,0.0
R9894,26:46.6,38.537503979699956,-114.90130561199983,0,0,0.0,0.0,0.0,0.0,0.0
S01016,43:22.1,38.537503979699956,-114.90130561199983,0,0,0.0,0.0,0.0,0.0,0.0
S01016,42:10.3,45.7235449,-111.2203588,0,0,0.0,41.27790799,-77.4983375,2750.494566907167,0.0
S1259,31:48.4,38.537503979699956,-114.90130561199983,0,0,0.0,0.0,0.0,0.0,0.0
S1259,16:38.9,29.5052011,-98.28098979,0,0,0.0,32.81935397,-116.6542685,1787.3871322429395,0.0
S21000,10:54.1,38.537503979699956,-114.90130561199983,0,0,0.0,0.0,0.0,0.0,0.0
S21000,15:06.9,44.78878567,-103.9253869,0,0,0.0,40.58461811,-73.84556975,2494.1123848849375,0.0
S21021,21:29.1,38.537503979699956,-114.90130561199983,0,0,0.0,0.0,0.0,0.0,0.0
S21021,47:34.9,46.03598018,-112.627065,0,0,0.0,41.01335898,-78.90606264,2760.889126971336,0.0
S21256,10:24.1,38.537503979699956,-114.90130561199983,0,0,0.0,0.0,0.0,0.0,0.0
S2884,11:37.7,38.537503979699956,-114.90130561199983,0,0,0.0,0.0,0.0,0.0,0.0
S2884,31:02.5,39.48778449,-103.5116605,0,0,0.0,35.03253156,-85.3586461,1681.0726176112887,0.0
S31504,58:13.1,38.537503979699956,-114.90130561199983,0,0,0.0,0.0,0.0,0.0,0.0
S31504,50:25.8,45.47606194,-118.5515378,0,0,0.0,34.98107699,-85.26108236,3036.301580124908,0.0
S31664,18:22.1,38.537503979699956,-114.90130561199983,0,0,0.0,0.0,0.0,0.0,0.0
S3328,35:11.0,38.537503979699956,-114.90130561199983,0,0,0.0,0.0,0.0,0.0,0.0
S3679,01:13.8,38.537503979699956,-114.90130561199983,0,0,0.0,0.0,0.0,0.0,0.0
S3907,18:58.0,38.537503979699956,-114.90130561199983,0,0,0.0,0.0,0.0,0.0,0.0
S41530,50:19.9,38.537503979699956,-114.90130561199983,0,0,0.0,0.0,0.0,0.0,0.0
S41571,02:51.5,38.537503979699956,-114.90130561199983,0,0,0.0,0.0,0.0,0.0,0.0
S51061,09:56.7,38.537503979699956,-114.90130561199983,0,0,0.0,0.0,0.0,0.0,0.0
S51214,21:23.2,38.537503979699956,-114.90130561199983,0,0,0.0,0.0,0.0,0.0,0.0
S5636,52:23.1,38.537503979699956,-114.90130561199983,0,0,0.0,0.0,0.0,0.0,0.0
S5636,13:53.0,39.98711768,-118.6711288,0,0,0.0,41.52714575,-91.30082807,2307.8775329958326,0.0
S5901,58:36.7,38.537503979699956,-114.90130561199983,0,0,0.0,0.0,0.0,0.0,0.0
S61003,54:30.6,38.537503979699956,-114.90130561199983,0,0,0.0,0.0,0.0,0.0,0.0
S61003,31:25.7,45.34158541,-106.1620293,0,0,0.0,40.97174859,-73.8864506,2651.098231147449,0.0
S61380,28:47.6,38.537503979699956,-114.90130561199983,0,0,0.0,0.0,0.0,0.0,0.0
S61380,44:22.7,35.06627481,-85.48913463,0,0,0.0,42.08999548,-112.8357112,2494.6294935376004,0.0
S61409,52:11.3,38.537503979699956,-114.90130561199983,0,0,0.0,0.0,0.0,0.0,0.0
S81050,59:12.1,38.537503979699956,-114.90130561199983,0,0,0.0,0.0,0.0,0.0,0.0
S81050,03:34.5,47.00068016,-119.8808006,0,0,0.0,42.47176643,-89.14164283,2469.4414745781523,0.0
S81206,10:04.2,38.537503979699956,-114.90130561199983,0,0,0.0,0.0,0.0,0.0,0.0
S8807,41:20.9,38.537503979699956,-114.90130561199983,0,0,0.0,0.0,0.0,0.0,0.0
S8885,23:06.4,38.537503979699956,-114.90130561199983,0,0,0.0,0.0,0.0,0.0,0.0
S8885,05:28.8,39.62151018,-103.8486087,0,0,0.0,34.93539697,-85.6100412,1695.4819307679693,0.0
S9277,46:29.5,38.537503979699956,-114.90130561199983,0,0,0.0,0.0,0.0,0.0,0.0
S9285,48:17.9,38.537503979699956,-114.90130561199983,0,0,0.0,0.0,0.0,0.0,0.0
T01048,21:05.1,38.537503979699956,-114.90130561199983,0,0,0.0,0.0,0.0,0.0,0.0
T01048,30:52.2,46.94289382,-118.521552,0,0,0.0,41.93373171,-87.63017,2504.1566170498645,0.0
T0306,14:03.4,38.537503979699956,-114.90130561199983,0,0,0.0,0.0,0.0,0.0,0.0
T0649,34:12.5,38.537503979699956,-114.90130561199983,0,0,0.0,0.0,0.0,0.0,0.0
T0649,16:49.9,39.3743849,-120.1787995,0,0,0.0,41.4129131,-95.711004,2082.6476297144695,0.0
T0932,21:05.9,38.537503979699956,-114.90130561199983,0,0,0.0,0.0,0.0,0.0,0.0
T11648,50:05.4,38.537503979699956,-114.90130561199983,0,0,0.0,0.0,0.0,0.0,0.0
T11648,53:27.9,31.4115016,-97.44244449,0,0,0.0,39.11630423,-78.41233102,1925.7915350153226,0.0
T11651,31:07.5,38.537503979699956,-114.90130561199983,0,0,0.0,0.0,0.0,0.0,0.0
T11651,24:14.4,30.83613773,-97.2259155,0,0,0.0,38.62562532,-78.46161885,1918.4309078499869,0.0
T11686,48:12.0,38.537503979699956,-114.90130561199983,0,0,0.0,0.0,0.0,0.0,0.0
T1313,42:38.6,38.537503979699956,-114.90130561199983,0,0,0.0,0.0,0.0,0.0,0.0
T21358,17:59.9,38.537503979699956,-114.90130561199983,0,0,0.0,0.0,0.0,0.0,0.0
T21358,34:46.9,38.5918064,-89.73243945,0,0,0.0,45.58212295,-121.1274859,2691.565978589383,0.0
T21641,46:59.1,38.537503979699956,-114.90130561199983,0,0,0.0,0.0,0.0,0.0,0.0
T21641,50:21.6,32.58996483,-96.62568207,0,0,0.0,39.54272523,-77.24448026,1903.6538071233088,0.0
T31058,04:32.0,38.537503979699956,-114.90130561199983,0,0,0.0,0.0,0.0,0.0,0.0
T31399,26:59.4,38.537503979699956,-114.90130561199983,0,0,0.0,0.0,0.0,0.0,0.0
T31690,00:00.7,38.537503979699956,-114.90130561199983,0,0,0.0,0.0,0.0,0.0,0.0
T3898,24:10.4,38.537503979699956,-114.90130561199983,0,0,0.0,0.0,0.0,0.0,0.0
T41503,48:01.7,38.537503979699956,-114.90130561199983,0,0,0.0,0.0,0.0,0.0,0.0
T41503,09:40.3,45.47215574,-117.9541293,0,0,0.0,34.83167743,-85.19445524,3004.510061597068,0.0
T4874,07:57.5,38.537503979699956,-114.90130561199983,0,0,0.0,0.0,0.0,0.0,0.0
T4874,13:17.3,39.03719816,-98.91057752,0,0,0.0,33.89372295,-84.34184367,1422.8911413514957,0.0
T4912,48:11.9,38.537503979699956,-114.90130561199983,0,0,0.0,0.0,0.0,0.0,0.0
T51403,58:47.4,38.537503979699956,-114.90130561199983,0,0,0.0,0.0,0.0,0.0,0.0
T61541,05:03.9,38.537503979699956,-114.90130561199983,0,0,0.0,0.0,0.0,0.0,0.0
T6269,06:49.9,38.537503979699956,-114.90130561199983,0,0,0.0,0.0,0.0,0.0,0.0
T6269,18:27.3,29.92662668,-95.79898487,0,0,0.0,32.69321258,-113.9167312,1749.4931233671834,0.0
T71037,53:57.0,38.537503979699956,-114.90130561199983,0,0,0.0,0.0,0.0,0.0,0.0
T71037,47:25.3,47.64479107,-115.4471895,0,0,0.0,41.56116864,-84.65947647,2517.470829731223,0.0
T7253,14:17.6,38.537503979699956,-114.90130561199983,0,0,0.0,0.0,0.0,0.0,0.0
T7253,25:54.9,30.19597125,-99.23235375,0,0,0.0,32.96297335,-117.1786855,1728.6659746967587,0.0
T81044,53:52.2,38.537503979699956,-114.90130561199983,0,0,0.0,0.0,0.0,0.0,0.0
T81044,03:39.3,47.58565784,-116.5560203,0,0,0.0,41.61313837,-86.72485046,2442.737860559451,0.0
T81226,04:34.6,38.537503979699956,-114.90130561199983,0,0,0.0,0.0,0.0,0.0,0.0
T8684,50:14.3,38.537503979699956,-114.90130561199983,0,0,0.0,0.0,0.0,0.0,0.0
T8694,39:14.8,38.537503979699956,-114.90130561199983,0,0,0.0,0.0,0.0,0.0,0.0
T91365,50:59.8,38.537503979699956,-114.90130561199983,0,0,0.0,0.0,0.0,0.0,0.0
T91365,58:46.8,37.08074815,-88.58724156,0,0,0.0,45.57439951,-118.2404881,2637.110858493613,0.0
T91558,15:17.2,38.537503979699956,-114.90130561199983,0,0,0.0,0.0,0.0,0.0,0.0
T91676,53:48.1,38.537503979699956,-114.90130561199983,0,0,0.0,0.0,0.0,0.0,0.0
U21224,34:22.1,38.537503979699956,-114.90130561199983,0,0,0.0,0.0,0.0,0.0,0.0
U21368,12:35.8,38.537503979699956,-114.90130561199983,0,0,0.0,0.0,0.0,0.0,0.0
U21368,29:22.8,37.23223663,-87.98960018,0,0,0.0,44.25071436,-117.1012927,2563.784422210973,0.0
U21646,19:18.8,38.537503979699956,-114.90130561199983,0,0,0.0,0.0,0.0,0.0,0.0
U21646,22:41.3,31.68151746,-96.89352701,0,0,0.0,39.07397108,-77.91877553,1904.1815043228914,0.0
U2283,15:04.7,38.537503979699956,-114.90130561199983,0,0,0.0,0.0,0.0,0.0,0.0
U2877,53:52.6,38.537503979699956,-114.90130561199983,0,0,0.0,0.0,0.0,0.0,0.0
U2877,47:43.6,39.24901257,-99.86886101,0,0,0.0,33.94205328,-84.71211715,1476.1036607383558,0.0
U31019,37:52.6,38.537503979699956,-114.90130561199983,0,0,0.0,0.0,0.0,0.0,0.0
U31019,25:46.7,45.83546011,-112.422862,0,0,0.0,41.02883179,-78.45490349,2779.716819782444,0.0
U31211,10:54.1,38.537503979699956,-114.90130561199983,0,0,0.0,0.0,0.0,0.0,0.0
U3302,29:45.8,38.537503979699956,-114.90130561199983,0,0,0.0,0.0,0.0,0.0,0.0
U41552,22:04.1,38.537503979699956,-114.90130561199983,0,0,0.0,0.0,0.0,0.0,0.0
U41680,26:07.8,38.537503979699956,-114.90130561199983,0,0,0.0,0.0,0.0,0.0,0.0
U4252,52:08.8,38.537503979699956,-114.90130561199983,0,0,0.0,0.0,0.0,0.0,0.0
U4252,14:50.5,30.33027136,-99.16592714,0,0,0.0,32.83948706,-117.0337448,1716.459152499651,0.0
U4295,01:10.7,38.537503979699956,-114.90130561199983,0,0,0.0,0.0,0.0,0.0,0.0
U4781,45:35.2,38.537503979699956,-114.90130561199983,0,0,0.0,0.0,0.0,0.0,0.0
U4781,15:09.5,37.99389073,-114.8685606,0,0,0.0,47.48376253,-121.8715449,1198.882715194074,0.0
U4880,28:18.8,38.537503979699956,-114.90130561199983,0,0,0.0,0.0,0.0,0.0,0.0
U4880,33:38.7,39.26713639,-101.4826028,0,0,0.0,34.16970733,-84.92494134,1580.7646183625309,0.0
U4904,44:31.7,38.537503979699956,-114.90130561199983,0,0,0.0,0.0,0.0,0.0,0.0
U51031,59:31.3,38.537503979699956,-114.90130561199983,0,0,0.0,0.0,0.0,0.0,0.0
U51031,42:00.7,47.1787028,-115.2728702,0,0,0.0,41.21055001,-81.23495012,2776.9423025144924,0.0
U71262,32:12.3,38.537503979699956,-114.90130561199983,0,0,0.0,0.0,0.0,0.0,0.0
U71578,36:50.0,38.537503979699956,-114.90130561199983,0,0,0.0,0.0,0.0,0.0,0.0
U7299,56:32.6,38.537503979699956,-114.90130561199983,0,0,0.0,0.0,0.0,0.0,0.0
U81379,47:59.6,38.537503979699956,-114.90130561199983,0,0,0.0,0.0,0.0,0.0,0.0
U81379,34:10.7,34.87152783,-85.65170167,0,0,0.0,42.74891994,-113.5929815,2565.315867914914,0.0
U81506,49:09.9,38.537503979699956,-114.90130561199983,0,0,0.0,0.0,0.0,0.0,0.0
U81506,31:11.2,45.49567727,-118.7578787,0,0,0.0,34.82467999,-85.48112173,3045.083866335868,0.0
U81573,14:11.0,38.537503979699956,-114.90130561199983,0,0,0.0,0.0,0.0,0.0,0.0
U91045,37:28.7,38.537503979699956,-114.90130561199983,0,0,0.0,0.0,0.0,0.0,0.0
U91045,36:21.6,47.83426801,-117.1613172,0,0,0.0,41.81439806,-87.12343615,2450.649358613917,0.0
U91357,07:47.9,38.537503979699956,-114.90130561199983,0,0,0.0,0.0,0.0,0.0,0.0
U91357,14:22.9,38.60716274,-89.62282245,0,0,0.0,45.88613647,-121.5473435,2735.1162498183535,0.0
U91396,14:23.5,38.537503979699956,-114.90130561199983,0,0,0.0,0.0,0.0,0.0,0.0
U91645,48:32.3,38.537503979699956,-114.90130561199983,0,0,0.0,0.0,0.0,0.0,0.0
U91645,12:25.8,31.81034845,-97.10902115,0,0,0.0,38.95158547,-77.70425882,1927.7887958499762,0.0
V01038,04:51.1,38.537503979699956,-114.90130561199983,0,0,0.0,0.0,0.0,0.0,0.0
V01038,09:13.6,47.52211781,-115.7118695,0,0,0.0,41.49984731,-85.13280363,2503.8118749536434,0.0
V01366,11:23.8,38.537503979699956,-114.90130561199983,0,0,0.0,0.0,0.0,0.0,0.0
V01366,08:58.8,37.01015565,-88.35424796,0,0,0.0,45.50061839,-117.8396063,2626.6770923141808,0.0
V01392,32:23.5,38.537503979699956,-114.90130561199983,0,0,0.0,0.0,0.0,0.0,0.0
V01576,54:56.4,38.537503979699956,-114.90130561199983,0,0,0.0,0.0,0.0,0.0,0.0
V11025,37:47.8,38.537503979699956,-114.90130561199983,0,0,0.0,0.0,0.0,0.0,0.0
V11025,03:53.7,46.95261186,-113.5839197,0,0,0.0,41.33332204,-79.61617664,2765.46484297942,0.0
V11032,54:01.8,38.537503979699956,-114.90130561199983,0,0,0.0,0.0,0.0,0.0,0.0
V11032,52:54.8,47.44897555,-115.2892086,0,0,0.0,41.12931441,-82.45549687,2690.977910709965,0.0
V11078,42:24.6,38.537503979699956,-114.90130561199983,0,0,0.0,0.0,0.0,0.0,0.0
V11554,13:00.9,38.537503979699956,-114.90130561199983,0,0,0.0,0.0,0.0,0.0,0.0
V21579,07:24.1,38.537503979699956,-114.90130561199983,0,0,0.0,0.0,0.0,0.0,0.0
V2893,15:17.8,38.537503979699956,-114.90130561199983,0,0,0.0,0.0,0.0,0.0,0.0
V31548,00:33.2,38.537503979699956,-114.90130561199983,0,0,0.0,0.0,0.0,0.0,0.0
V3674,47:17.4,38.537503979699956,-114.90130561199983,0,0,0.0,0.0,0.0,0.0,0.0
V41006,59:55.2,38.537503979699956,-114.90130561199983,0,0,0.0,0.0,0.0,0.0,0.0
V41006,15:02.2,45.72537224,-106.593915,0,0,0.0,40.75556055,-74.27596548,2663.1926921841127,0.0
V41065,04:27.2,38.537503979699956,-114.90130561199983,0,0,0.0,0.0,0.0,0.0,0.0
V51234,25:57.8,38.537503979699956,-114.90130561199983,0,0,0.0,0.0,0.0,0.0,0.0
V5793,28:19.3,38.537503979699956,-114.90130561199983,0,0,0.0,0.0,0.0,0.0,0.0
V6676,18:58.7,38.537503979699956,-114.90130561199983,0,0,0.0,0.0,0.0,0.0,0.0
V91253,09:34.2,38.537503979699956,-114.90130561199983,0,0,0.0,0.0,0.0,0.0,0.0
V91393,02:59.5,38.537503979699956,-114.90130561199983,0,0,0.0,0.0,0.0,0.0,0.0
V91687,58:27.5,38.537503979699956,-114.90130561199983,0,0,0.0,0.0,0.0,0.0,0.0
W01036,59:26.5,38.537503979699956,-114.90130561199983,0,0,0.0,0.0,0.0,0.0,0.0
W01036,36:31.2,47.22954323,-115.5729285,0,0,0.0,41.65571336,-83.82848968,2582.5020860588875,0.0
W01388,51:35.6,38.537503979699956,-114.90130561199983,0,0,0.0,0.0,0.0,0.0,0.0
W01514,11:48.9,38.537503979699956,-114.90130561199983,0,0,0.0,0.0,0.0,0.0,0.0
W0312,31:34.2,38.537503979699956,-114.90130561199983,0,0,0.0,0.0,0.0,0.0,0.0
W0887,43:27.8,38.537503979699956,-114.90130561199983,0,0,0.0,0.0,0.0,0.0,0.0
W0887,14:21.3,39.84181657,-104.719148,0,0,0.0,35.91203484,-86.59329367,1649.9884745517259,0.0
W1911,13:45.6,38.537503979699956,-114.90130561199983,0,0,0.0,0.0,0.0,0.0,0.0
W21057,10:01.4,38.537503979699956,-114.90130561199983,0,0,0.0,0.0,0.0,0.0,0.0
W21223,24:18.0,38.537503979699956,-114.90130561199983,0,0,0.0,0.0,0.0,0.0,0.0
W21252,59:30.0,38.537503979699956,-114.90130561199983,0,0,0.0,0.0,0.0,0.0,0.0
W21376,56:59.7,38.537503979699956,-114.90130561199983,0,0,0.0,0.0,0.0,0.0,0.0
W21376,22:46.7,35.58568811,-86.09653721,0,0,0.0,42.42899371,-114.4927066,2560.424966417267,0.0
W2314,53:43.0,38.537503979699956,-114.90130561199983,0,0,0.0,0.0,0.0,0.0,0.0
W2787,46:45.5,38.537503979699956,-114.90130561199983,0,0,0.0,0.0,0.0,0.0,0.0
W2787,56:08.1,37.41282319,-114.9395433,0,0,0.0,46.87805663,-120.8218839,1157.5153358684486,0.0
W31216,22:38.1,38.537503979699956,-114.90130561199983,0,0,0.0,0.0,0.0,0.0,0.0
W31418,46:47.1,38.537503979699956,-114.90130561199983,0,0,0.0,0.0,0.0,0.0,0.0
W3666,08:50.7,38.537503979699956,-114.90130561199983,0,0,0.0,0.0,0.0,0.0,0.0
W3666,51:28.1,38.42112195,-121.3542616,0,0,0.0,40.90515115,-100.1222829,1838.0500808036916,0.0
W3680,43:29.0,38.537503979699956,-114.90130561199983,0,0,0.0,0.0,0.0,0.0,0.0
W41402,17:59.4,38.537503979699956,-114.90130561199983,0,0,0.0,0.0,0.0,0.0,0.0
W4266,33:36.7,38.537503979699956,-114.90130561199983,0,0,0.0,0.0,0.0,0.0,0.0
W4266,45:14.1,29.46293277,-96.81661143,0,0,0.0,32.86636192,-114.4090247,1716.9413052953014,0.0
W5902,21:34.2,38.537503979699956,-114.90130561199983,0,0,0.0,0.0,0.0,0.0,0.0
W61355,16:48.0,38.537503979699956,-114.90130561199983,0,0,0.0,0.0,0.0,0.0,0.0
W61355,53:58.9,38.73626166,-90.19165846,0,0,0.0,45.84393547,-121.7336845,2698.502064392588,0.0
W61644,28:01.2,38.537503979699956,-114.90130561199983,0,0,0.0,0.0,0.0,0.0,0.0
W61644,51:54.7,32.30471152,-96.96556778,0,0,0.0,39.50872067,-77.99928724,1884.3948002668442,0.0
W6330,19:28.5,38.537503979699956,-114.90130561199983,0,0,0.0,0.0,0.0,0.0,0.0
W6818,23:29.9,38.537503979699956,-114.90130561199983,0,0,0.0,0.0,0.0,0.0,0.0
W71657,13:42.7,38.537503979699956,-114.90130561199983,0,0,0.0,0.0,0.0,0.0,0.0
W7288,21:31.1,38.537503979699956,-114.90130561199983,0,0,0.0,0.0,0.0,0.0,0.0
W9267,44:41.1,38.537503979699956,-114.90130561199983,0,0,0.0,0.0,0.0,0.0,0.0
W9267,56:18.5,29.83079056,-96.37808076,0,0,0.0,32.80145889,-114.3387139,1738.8035657570767,0.0
W9799,50:16.5,38.537503979699956,-114.90130561199983,0,0,0.0,0.0,0.0,0.0,0.0
W9917,57:04.5,38.537503979699956,-114.90130561199983,0,0,0.0,0.0,0.0,0.0,0.0
X01243,37:41.8,38.537503979699956,-114.90130561199983,0,0,0.0,0.0,0.0,0.0,0.0
X01350,45:00.0,38.537503979699956,-114.90130561199983,0,0,0.0,0.0,0.0,0.0,0.0
X01350,59:23.1,39.06921601,-93.20826687,0,0,0.0,45.38862433,-122.7377725,2520.78848881026,0.0
X01352,36:00.0,38.537503979699956,-114.90130561199983,0,0,0.0,0.0,0.0,0.0,0.0
X01352,20:59.0,39.07581542,-91.24295712,0,0,0.0,45.35023811,-122.2618848,2636.3420607310977,0.0
X01369,23:59.8,38.537503979699956,-114.90130561199983,0,0,0.0,0.0,0.0,0.0,0.0
X01369,39:34.8,37.29169337,-87.9315379,0,0,0.0,43.73896592,-116.7123771,2527.5415618093816,0.0
X01561,56:02.6,38.537503979699956,-114.90130561199983,0,0,0.0,0.0,0.0,0.0,0.0
X0908,41:55.5,38.537503979699956,-114.90130561199983,0,0,0.0,0.0,0.0,0.0,0.0
X1298,45:28.2,38.537503979699956,-114.90130561199983,0,0,0.0,0.0,0.0,0.0,0.0
X1667,19:24.5,38.537503979699956,-114.90130561199983,0,0,0.0,0.0,0.0,0.0,0.0
X1815,33:00.6,38.537503979699956,-114.90130561199983,0,0,0.0,0.0,0.0,0.0,0.0
X2685,00:48.1,38.537503979699956,-114.90130561199983,0,0,0.0,0.0,0.0,0.0,0.0
X2921,42:59.5,38.537503979699956,-114.90130561199983,0,0,0.0,0.0,0.0,0.0,0.0
X2929,23:42.1,38.537503979699956,-114.90130561199983,0,0,0.0,0.0,0.0,0.0,0.0
X3895,49:44.1,38.537503979699956,-114.90130561199983,0,0,0.0,0.0,0.0,0.0,0.0
X3937,52:56.0,38.537503979699956,-114.90130561199983,0,0,0.0,0.0,0.0,0.0,0.0
X41028,15:54.8,38.537503979699956,-114.90130561199983,0,0,0.0,0.0,0.0,0.0,0.0
X41028,58:24.2,47.14341988,-114.3361606,0,0,0.0,41.04307971,-80.81739414,2745.488227212889,0.0
X41660,54:44.8,38.537503979699956,-114.90130561199983,0,0,0.0,0.0,0.0,0.0,0.0
X4275,13:16.3,38.537503979699956,-114.90130561199983,0,0,0.0,0.0,0.0,0.0,0.0
X4805,00:57.5,38.537503979699956,-114.90130561199983,0,0,0.0,0.0,0.0,0.0,0.0
X4809,01:32.7,38.537503979699956,-114.90130561199983,0,0,0.0,0.0,0.0,0.0,0.0
X51023,05:05.5,38.537503979699956,-114.90130561199983,0,0,0.0,0.0,0.0,0.0,0.0
X51023,31:11.4,46.64942354,-113.4206532,0,0,0.0,41.32631821,-79.06140429,2795.624150282238,0.0
X61018,26:58.5,38.537503979699956,-114.90130561199983,0,0,0.0,0.0,0.0,0.0,0.0
X61018,03:58.5,45.69100249,-112.1232772,0,0,0.0,41.06739227,-78.21390323,2773.9198886652166,0.0
X61679,55:21.3,38.537503979699956,-114.90130561199983,0,0,0.0,0.0,0.0,0.0,0.0
X7798,30:04.7,38.537503979699956,-114.90130561199983,0,0,0.0,0.0,0.0,0.0,0.0
X7892,52:20.3,38.537503979699956,-114.90130561199983,0,0,0.0,0.0,0.0,0.0,0.0
X7900,47:07.9,38.537503979699956,-114.90130561199983,0,0,0.0,0.0,0.0,0.0,0.0
X91009,38:02.2,38.537503979699956,-114.90130561199983,0,0,0.0,0.0,0.0,0.0,0.0
X91009,31:20.9,45.75718204,-108.5219374,0,0,0.0,40.8108636,-75.05129753,2750.512717240538,0.0
X91544,17:31.5,38.537503979699956,-114.90130561199983,0,0,0.0,0.0,0.0,0.0,0.0
X91661,46:02.4,38.537503979699956,-114.90130561199983,0,0,0.0,0.0,0.0,0.0,0.0
Y01060,48:08.4,38.537503979699956,-114.90130561199983,0,0,0.0,0.0,0.0,0.0,0.0
Y01074,53:23.5,38.537503979699956,-114.90130561199983,0,0,0.0,0.0,0.0,0.0,0.0
Y01509,10:40.7,38.537503979699956,-114.90130561199983,0,0,0.0,0.0,0.0,0.0,0.0
Y01509,13:04.8,45.5603518,-121.4975188,0,0,0.0,35.74161858,-86.62861992,3114.774734325316,0.0
Y0623,00:00.0,38.537503979699956,-114.90130561199983,0,0,0.0,0.0,0.0,0.0,0.0
Y0623,00:22.3,40.61336457,-114.0460549,0,0,0.0,41.79556685,-87.5753315,2215.3226760784514,0.0
Y0780,35:29.3,38.537503979699956,-114.90130561199983,0,0,0.0,0.0,0.0,0.0,0.0
Y0780,05:03.6,38.22361383,-114.9121158,0,0,0.0,47.48783273,-121.795442,1171.7610258917357,0.0
Y0879,16:50.1,38.537503979699956,-114.90130561199983,0,0,0.0,0.0,0.0,0.0,0.0
Y0879,22:09.9,39.20423509,-101.0744093,0,0,0.0,34.48848459,-84.78131388,1541.844642432984,0.0
Y11520,25:24.7,38.537503979699956,-114.90130561199983,0,0,0.0,0.0,0.0,0.0,0.0
Y21049,26:29.8,38.537503979699956,-114.90130561199983,0,0,0.0,0.0,0.0,0.0,0.0
Y21049,52:40.4,47.06316972,-119.4244653,0,0,0.0,41.96521266,-87.87662413,2552.9857310992697,0.0
Y21258,01:09.8,38.537503979699956,-114.90130561199983,0,0,0.0,0.0,0.0,0.0,0.0
Y21565,18:41.6,38.537503979699956,-114.90130561199983,0,0,0.0,0.0,0.0,0.0,0.0
Y3940,50:19.8,38.537503979699956,-114.90130561199983,0,0,0.0,0.0,0.0,0.0,0.0
Y41029,26:48.9,38.537503979699956,-114.90130561199983,0,0,0.0,0.0,0.0,0.0,0.0
Y41029,09:18.3,47.24122435,-114.4102974,0,0,0.0,41.38559186,-80.87836979,2730.4788435699547,0.0
Y51051,10:06.2,38.537503979699956,-114.90130561199983,0,0,0.0,0.0,0.0,0.0,0.0
Y51051,47:06.2,47.45211484,-121.644416,0,0,0.0,42.39741313,-88.80083891,2632.2982809517625,0.0
Y51215,51:35.7,38.537503979699956,-114.90130561199983,0,0,0.0,0.0,0.0,0.0,0.0
Y5289,32:35.5,38.537503979699956,-114.90130561199983,0,0,0.0,0.0,0.0,0.0,0.0
Y5655,58:42.7,38.537503979699956,-114.90130561199983,0,0,0.0,0.0,0.0,0.0,0.0
Y5655,30:46.4,39.44525619,-120.1076771,0,0,0.0,40.85927765,-96.16299946,2039.8367912431959,0.0
Y61240,26:47.7,38.537503979699956,-114.90130561199983,0,0,0.0,0.0,0.0,0.0,0.0
Y61694,23:38.0,38.537503979699956,-114.90130561199983,0,0,0.0,0.0,0.0,0.0,0.0
Y6816,43:06.4,38.537503979699956,-114.90130561199983,0,0,0.0,0.0,0.0,0.0,0.0
Y71257,30:57.4,38.537503979699956,-114.90130561199983,0,0,0.0,0.0,0.0,0.0,0.0
Y71383,09:35.6,38.537503979699956,-114.90130561199983,0,0,0.0,0.0,0.0,0.0,0.0
Y71383,05:58.6,34.45604562,-84.79305354,0,0,0.0,41.78067758,-111.9198658,2501.3737492038454,0.0
Y7657,19:50.3,38.537503979699956,-114.90130561199983,0,0,0.0,0.0,0.0,0.0,0.0
Y7657,51:53.9,39.29510435,-120.3916455,0,0,0.0,40.90936737,-96.58852187,2031.2064210636045,0.0
Y81248,58:40.1,38.537503979699956,-114.90130561199983,0,0,0.0,0.0,0.0,0.0,0.0
Y91067,09:51.9,38.537503979699956,-114.90130561199983,0,0,0.0,0.0,0.0,0.0,0.0
Z01241,07:04.4,38.537503979699956,-114.90130561199983,0,0,0.0,0.0,0.0,0.0,0.0
Z01371,04:47.7,38.537503979699956,-114.90130561199983,0,0,0.0,0.0,0.0,0.0,0.0
Z01371,10:10.8,36.96362139,-87.86270352,0,0,0.0,43.42294669,-115.8749345,2477.3902103114283,0.0
Z01524,27:40.9,38.537503979699956,-114.90130561199983,0,0,0.0,0.0,0.0,0.0,0.0
Z11076,47:54.1,38.537503979699956,-114.90130561199983,0,0,0.0,0.0,0.0,0.0,0.0
Z11374,26:23.7,38.537503979699956,-114.90130561199983,0,0,0.0,0.0,0.0,0.0,0.0
Z11374,11:22.7,36.62145006,-87.15929031,0,0,0.0,43.02771725,-114.7989611,2458.0876571143513,0.0
Z1281,52:55.9,38.537503979699956,-114.90130561199983,0,0,0.0,0.0,0.0,0.0,0.0
Z21567,20:57.9,38.537503979699956,-114.90130561199983,0,0,0.0,0.0,0.0,0.0,0.0
Z31372,25:11.7,38.537503979699956,-114.90130561199983,0,0,0.0,0.0,0.0,0.0,0.0
Z31372,50:58.8,36.38645655,-87.51765115,0,0,0.0,42.84825389,-115.4752776,2492.4417787526054,0.0
Z31373,35:23.7,38.537503979699956,-114.90130561199983,0,0,0.0,0.0,0.0,0.0,0.0
Z31373,01:10.8,36.37904679,-87.3931831,0,0,0.0,42.75756148,-115.3541714,2491.8059388229917,0.0
Z31580,08:32.2,38.537503979699956,-114.90130561199983,0,0,0.0,0.0,0.0,0.0,0.0
Z5254,25:22.0,38.537503979699956,-114.90130561199983,0,0,0.0,0.0,0.0,0.0,0.0
Z5254,36:59.3,30.1019448,-98.92133433,0,0,0.0,32.85159766,-116.8963555,1732.8490330976822,0.0
Z5258,09:39.6,38.537503979699956,-114.90130561199983,0,0,0.0,0.0,0.0,0.0,0.0
Z5258,54:30.1,29.72035023,-98.56837586,0,0,0.0,32.81596858,-116.6696099,1755.3821965374293,0.0
Z61500,05:00.0,38.537503979699956,-114.90130561199983,0,0,0.0,0.0,0.0,0.0,0.0
Z61500,18:43.6,44.87369793,-117.7388266,0,0,0.0,33.94342293,-84.33413986,3094.764131378045,0.0
Z6641,06:19.6,38.537503979699956,-114.90130561199983,0,0,0.0,0.0,0.0,0.0,0.0
Z6641,27:49.4,39.43909112,-119.5196156,0,0,0.0,41.62379996,-92.915863,2258.0693229535827,0.0
Z6821,03:53.3,38.537503979699956,-114.90130561199983,0,0,0.0,0.0,0.0,0.0,0.0
Z7634,20:41.8,38.537503979699956,-114.90130561199983,0,0,0.0,0.0,0.0,0.0,0.0
Z7634,52:45.4,40.27757155,-118.1544084,0,0,0.0,41.84579721,-90.74364448,2300.8285498212767,0.0
Z81501,16:19.5,38.537503979699956,-114.90130561199983,0,0,0.0,0.0,0.0,0.0,0.0
Z81501,28:54.9,44.95598261,-117.9862174,0,0,0.0,34.04761592,-84.78510192,3074.5202793837216,0.0
Z8778,15:17.6,38.537503979699956,-114.90130561199983,0,0,0.0,0.0,0.0,0.0,0.0
Z8778,54:22.6,39.39825025,-114.8733726,0,0,0.0,47.44815404,-122.3643519,1079.5188104008319,0.0
Z91516,42:22.9,38.537503979699956,-114.90130561199983,0,0,0.0,0.0,0.0,0.0,0.0
Z9272,40:03.1,38.537503979699956,-114.90130561199983,0,0,0.0,0.0,0.0,0.0,0.0
Z9272,13:49.3,29.55016217,-95.39203468,0,0,0.0,33.14806913,-112.8487001,1706.047176644521,0.0
Z9795,19:23.7,38.537503979699956,-114.90130561199983,0,0,0.0,0.0,0.0,0.0,0.0
